x,y,z,type,bodyId_post
24632,30338,50904,post,
24438,33187,57573,post,
24376,33292,57625,post,
23801,29085,49162,post,
27522,30344,38622,post,
27520,30326,38576,post,
27393,30336,38490,post,
27384,30359,38516,post,
27396,30307,38470,post,
24554,29726,45350,post,
24279,28605,45505,post,
24233,28673,45408,post,
24209,30463,40770,post,
24185,30457,40732,post,
24620,30250,50626,post,
24715,30231,50746,post,
24918,30016,50869,post,
24908,30030,50836,post,
24632,30251,50667,post,
24309,30276,50806,post,
24129,30110,50833,post,
24223,30156,50801,post,
24245,30169,50783,post,
24380,28562,46231,post,
24353,28525,46267,post,
26623,30311,39084,post,
26650,30293,39066,post,
26691,30287,39039,post,
24363,32217,55708,post,
24462,29949,52709,post,
24460,29981,52783,post,
23879,34288,60046,post,
23749,34996,61233,post,
24666,29450,44525,post,
24017,28332,45568,post,
24182,29367,43492,post,
24072,29294,43467,post,
24266,30586,42814,post,
24285,30584,42774,post,
23859,30196,43002,post,
23849,30008,42941,post,
23831,30038,42906,post,
23841,30011,42918,post,
25005,30620,39956,post,
25040,30599,39895,post,
24967,30597,39951,post,
25000,30584,39909,post,
24792,28904,43880,post,
24055,30510,43333,post,
24158,30378,44546,post,
24612,29147,46366,post,
24612,29117,46400,post,
24598,29100,46033,post,
27139,29466,38837,post,
23808,37221,73054,post,
23641,36036,70448,post,
24482,40164,78935,post,
24255,39316,78291,post,
24263,39290,78284,post,
24303,39198,78169,post,
24270,39173,78129,post,
24338,38968,77838,post,
24388,38895,77753,post,
24577,29873,44679,post,
24303,30182,45040,post,
24191,30190,45042,post,
24469,29516,44103,post,
24450,29481,44009,post,
23947,28832,44005,post,
24903,28454,44048,post,
24690,32701,56479,post,
24279,30174,50702,post,
24260,30149,50667,post,
24254,30151,50691,post,
24169,30303,51151,post,
24191,30320,51137,post,
24510,30351,50950,post,
24477,30355,50968,post,
24297,30019,50016,post,
24280,30001,49971,post,
24269,29990,49927,post,
24417,29853,49099,post,
24461,29882,49193,post,
24450,29822,45429,post,
24467,29910,45297,post,
24442,29929,45284,post,
24409,29973,45214,post,
24439,30009,44968,post,
24454,29994,44968,post,
24338,30154,44890,post,
24003,30519,42178,post,
24001,30501,42136,post,
23975,30474,42093,post,
24005,30491,42091,post,
24550,30118,44754,post,
25473,30601,40055,post,
25517,30576,40048,post,
24514,30591,40609,post,
24413,30621,40559,post,
24421,30590,40555,post,
24462,30654,40477,post,
24207,30646,41739,post,
25961,30776,39371,post,
26010,30764,39358,post,
25997,30763,39351,post,
25990,30749,39344,post,
26013,30718,39292,post,
24741,29578,48722,post,
23726,36206,68569,post,
27311,29507,38859,post,
27242,30384,38546,post,
27237,30386,38522,post,
24230,39263,77741,post,
25071,40947,80238,post,
25100,40780,79972,post,
24568,38409,77881,post,
24562,40701,81464,post,
24726,40559,81411,post,
25219,38618,76901,post,
25230,38266,76233,post,
25162,37622,75318,post,
25196,37736,75362,post,
25073,37794,76803,post,
25190,39441,79081,post,
25187,38438,76445,post,
25036,37473,74676,post,
24535,39823,78259,post,
24576,39421,77575,post,
24632,39121,77059,post,
24541,38780,76339,post,
24179,30494,43987,post,
24168,30508,43966,post,
24380,30303,44094,post,
24437,30222,44054,post,
24431,30242,44046,post,
24128,30386,44370,post,
24167,30376,44340,post,
24122,28730,43948,post,
24605,29715,48302,post,
24598,29714,48273,post,
24576,29727,48245,post,
24675,29613,48110,post,
24677,29587,47951,post,
24653,29591,47630,post,
24518,29585,46964,post,
24162,30744,42858,post,
26235,30473,39217,post,
23926,29329,43928,post,
23806,29285,43892,post,
23970,29230,43836,post,
23961,29291,43750,post,
23564,30061,44499,post,
24750,29392,48347,post,
24745,29281,48242,post,
24828,29434,48955,post,
24826,29432,48939,post,
24762,29416,48467,post,
25211,39039,78678,post,
25001,39707,79994,post,
23758,35989,70470,post,
23517,29531,44676,post,
24170,29235,43522,post,
24099,29254,43419,post,
24774,30396,41516,post,
23958,29109,44311,post,
24455,28003,44673,post,
24514,29281,44725,post,
25298,38414,76846,post,
24156,28911,43955,post,
23927,30505,43599,post,
24276,30514,43370,post,
24484,30854,43581,post,
24467,30780,43560,post,
24219,29968,49918,post,
24216,29969,49866,post,
24486,30047,49783,post,
23985,29640,49282,post,
23984,29637,49252,post,
24556,30590,41971,post,
24591,30618,41696,post,
24563,30592,41970,post,
24079,39125,77808,post,
24079,39106,77514,post,
24470,28694,46349,post,
24480,29752,45537,post,
24505,28804,46315,post,
24502,28805,46286,post,
24459,28681,46320,post,
24449,28676,46274,post,
24562,29290,45630,post,
24399,29873,45580,post,
23627,36256,71120,post,
24317,40069,78987,post,
24170,39772,78564,post,
24026,39081,77650,post,
23998,39017,77529,post,
23980,38719,77053,post,
24011,38694,76967,post,
24737,33017,57194,post,
24746,32712,56713,post,
24718,32695,56664,post,
24675,32709,56495,post,
24662,32310,55581,post,
24628,32308,55594,post,
24139,30344,51635,post,
24157,30332,51596,post,
24166,30337,51552,post,
24415,30681,51933,post,
24424,30682,51929,post,
24473,30533,51382,post,
24468,29955,49476,post,
24533,30071,49978,post,
24557,30058,49953,post,
24566,30127,50248,post,
24418,29917,49360,post,
24367,29911,49372,post,
24412,29812,45681,post,
24412,29829,45659,post,
24510,29685,45596,post,
24524,29688,45568,post,
24411,29739,45992,post,
23787,29975,45285,post,
23803,30160,45244,post,
23914,30206,44953,post,
24698,29001,43768,post,
24691,28966,43755,post,
24747,28750,43788,post,
24587,30347,42203,post,
24588,30481,41889,post,
24600,30568,41738,post,
24615,30530,41745,post,
24101,29835,42282,post,
24057,29864,42241,post,
24040,29905,41949,post,
24058,29893,41968,post,
24060,29888,41918,post,
24048,29911,41885,post,
24072,29894,41871,post,
24094,29841,42236,post,
23989,29960,41992,post,
24474,39895,78424,post,
24435,39381,77619,post,
24091,30230,51740,post,
24073,30207,51723,post,
24724,30594,51655,post,
24125,30263,51428,post,
24102,30229,51455,post,
24154,30299,51239,post,
24776,30540,51495,post,
24075,30218,51650,post,
24064,30251,51636,post,
24112,30258,51456,post,
23995,29152,50426,post,
23992,29981,50903,post,
24235,30111,50561,post,
24093,30071,50743,post,
24499,30046,49915,post,
24006,29150,50467,post,
23986,29979,50971,post,
23996,29988,50956,post,
24745,29987,50124,post,
24448,30063,49955,post,
24701,30059,50292,post,
23939,29194,50325,post,
24295,29740,46406,post,
24288,29755,46371,post,
24185,29782,46369,post,
24432,29699,46412,post,
24411,29714,46387,post,
24232,29821,46130,post,
24247,29826,46113,post,
24570,29454,46231,post,
24281,29889,45767,post,
23937,30519,43627,post,
24287,29821,46078,post,
24272,29828,46062,post,
24219,29865,46033,post,
24209,29879,46015,post,
24093,30553,43824,post,
23922,30477,43829,post,
24057,30539,43151,post,
24010,30533,43127,post,
23986,30527,43111,post,
24223,30564,43071,post,
24073,30583,42928,post,
25903,30704,39307,post,
25905,30735,39338,post,
25908,30736,39318,post,
24016,30209,45091,post,
24479,28847,46209,post,
24463,28829,46182,post,
24458,28874,46132,post,
24443,28784,46064,post,
23665,29170,45273,post,
23640,29193,44065,post,
23609,29205,44086,post,
23683,29143,45180,post,
23637,29376,45251,post,
24036,30228,45022,post,
23986,30235,44987,post,
25027,28102,44313,post,
25014,28050,44339,post,
25028,28079,44318,post,
23784,28896,45277,post,
23676,29180,44065,post,
24749,28334,43808,post,
24756,28263,43798,post,
24106,28753,43874,post,
24087,28762,43865,post,
24765,28272,43785,post,
24790,29850,40764,post,
24703,29832,40761,post,
24754,29840,40747,post,
24741,29827,40720,post,
24691,29811,40731,post,
24275,29916,41184,post,
24295,29900,41154,post,
24261,29932,41148,post,
24305,29887,41127,post,
23853,34807,60652,post,
24046,35563,61723,post,
23988,33742,59178,post,
24675,35749,61675,post,
23886,29779,50794,post,
23894,29783,50736,post,
24127,36569,70838,post,
24406,37011,72112,post,
24293,35772,68227,post,
23819,29165,44205,post,
23869,29139,44193,post,
24282,30155,50509,post,
24315,30166,50506,post,
24304,30153,50472,post,
24088,29845,49840,post,
24095,29844,49816,post,
24055,29682,49307,post,
24216,30003,50180,post,
24254,29989,49981,post,
24050,29687,49411,post,
24212,30010,50196,post,
24084,29733,49394,post,
24093,29724,49324,post,
24522,29525,46354,post,
24580,29354,46081,post,
24145,30560,43558,post,
24133,30555,43558,post,
24685,30319,44669,post,
25411,30720,39776,post,
27557,30326,38682,post,
25392,30714,39853,post,
27273,30267,39128,post,
27295,30252,39139,post,
27281,30253,39154,post,
27335,30347,38977,post,
27096,30357,38940,post,
27584,30278,38653,post,
27481,30273,38473,post,
27185,29470,39122,post,
26979,30353,38913,post,
26982,30346,38893,post,
27203,30331,38665,post,
26142,30057,39792,post,
26195,30139,39775,post,
26155,30039,39776,post,
26153,30012,39776,post,
26176,29961,39728,post,
23789,34910,61076,post,
24171,30266,50930,post,
24428,30212,44468,post,
24502,29089,44691,post,
24483,29098,44688,post,
24509,29111,44649,post,
24430,30246,43972,post,
24535,29858,44177,post,
24529,29828,44183,post,
24538,29647,45004,post,
24571,29595,45007,post,
24313,28470,45071,post,
23969,30516,42402,post,
23953,30479,42391,post,
24683,30071,44728,post,
24589,29961,44767,post,
24008,30621,42939,post,
24010,30531,42855,post,
23941,30516,42650,post,
25035,30597,40876,post,
25034,30552,40869,post,
25040,30535,40840,post,
25017,30571,40842,post,
25622,30290,40042,post,
25599,30265,40054,post,
24327,29833,41925,post,
24307,29819,41943,post,
25068,30449,40823,post,
25050,30272,40777,post,
25051,30258,40766,post,
25029,30220,40763,post,
24140,29839,42091,post,
24099,29860,42095,post,
24597,29843,40647,post,
24615,29840,40603,post,
24574,29863,40617,post,
25038,30187,40740,post,
25022,29881,40071,post,
25053,29876,40050,post,
27220,30345,38788,post,
27218,30349,38768,post,
27159,30236,38710,post,
27164,30245,38672,post,
27157,30160,38653,post,
25043,29939,40354,post,
25015,29923,40341,post,
25058,29927,40310,post,
25020,29912,40295,post,
25641,29997,39927,post,
25646,29970,39906,post,
25606,29959,39895,post,
25612,29945,39877,post,
25640,29934,39850,post,
25612,29842,39761,post,
27147,30177,38690,post,
27181,30245,38630,post,
27230,30336,38539,post,
23848,28317,45048,post,
23861,28234,44902,post,
23846,28203,44897,post,
24278,29978,52365,post,
24414,29750,52081,post,
25785,30667,38968,post,
24996,38275,75291,post,
24024,28240,45195,post,
24020,28252,45170,post,
24010,28244,45137,post,
23976,28202,45083,post,
23964,28183,45080,post,
23850,28148,44894,post,
24572,29770,44546,post,
23363,29912,44548,post,
23399,29895,44515,post,
24593,29772,44511,post,
24447,30245,43909,post,
24457,30220,43905,post,
24447,30257,43766,post,
24586,29318,43911,post,
24588,29320,43913,post,
24512,29339,45093,post,
24576,29307,43930,post,
24519,29181,45064,post,
24632,29321,43904,post,
24573,29210,43900,post,
24686,29062,43780,post,
24567,29505,45018,post,
25216,28518,43999,post,
24554,29000,43701,post,
24651,28964,43682,post,
24656,28233,44505,post,
25150,28416,43883,post,
24680,28925,43672,post,
24600,29172,43858,post,
23852,29975,42845,post,
23840,29999,42808,post,
25733,30474,39945,post,
25682,30494,39956,post,
25631,30504,39987,post,
25172,30709,40456,post,
27412,30388,38866,post,
27508,30359,38909,post,
27526,30345,38889,post,
27455,30364,38910,post,
25217,30676,40453,post,
25196,30695,40456,post,
25315,30657,40232,post,
25627,30584,39897,post,
27156,30125,39391,post,
27167,30080,39429,post,
27154,30086,39405,post,
25991,30580,39644,post,
25923,30590,39658,post,
27407,30375,38922,post,
27515,30345,38919,post,
27494,30366,38913,post,
24860,33543,57777,post,
24840,33543,57762,post,
24810,33535,57764,post,
24765,32954,57150,post,
24117,30318,51880,post,
24088,30237,51885,post,
24109,30252,51852,post,
24086,30266,51620,post,
24079,30233,51610,post,
24119,30266,51481,post,
24224,30095,50508,post,
24142,30093,50738,post,
24177,30089,50710,post,
24209,30089,50458,post,
24219,29889,49549,post,
24798,29220,48372,post,
24807,29171,48371,post,
24661,29827,49117,post,
24127,29865,49242,post,
24115,29726,49198,post,
24088,29704,49173,post,
24658,29622,47797,post,
24789,29339,48511,post,
24335,30185,44916,post,
24227,30231,44820,post,
24230,30244,44776,post,
24317,30263,44641,post,
23567,29312,44222,post,
24192,30321,40645,post,
24182,30351,51497,post,
24128,30126,50752,post,
24060,30084,50761,post,
24898,29990,50530,post,
24879,29942,50448,post,
24131,30242,50953,post,
24580,29971,49671,post,
24481,29850,48958,post,
24600,29855,49181,post,
24753,29740,49216,post,
24080,30536,43926,post,
24901,32786,56771,post,
24405,31020,52893,post,
24165,30314,51455,post,
24142,30290,51443,post,
24284,30397,51261,post,
24171,30332,51476,post,
24154,30305,51474,post,
24301,30600,51806,post,
24263,30600,51782,post,
24481,29598,46328,post,
24527,29496,45454,post,
24530,29515,45445,post,
24542,29455,45319,post,
24524,29589,45773,post,
24541,29422,45354,post,
24065,30456,44145,post,
23951,30446,44176,post,
23891,30480,43987,post,
24010,30304,44703,post,
24131,30371,44426,post,
24104,30395,44355,post,
24891,30490,51561,post,
24877,30502,51565,post,
24669,28950,43651,post,
24672,28952,43651,post,
27331,30167,38453,post,
27343,30137,38439,post,
27351,30180,38446,post,
24402,41152,81857,post,
24392,41173,81898,post,
24404,41059,81666,post,
24529,39645,79240,post,
24620,32536,56214,post,
24710,33488,57694,post,
24744,33492,57692,post,
24751,33480,57686,post,
24688,33472,57684,post,
24675,33464,57688,post,
24726,33388,57655,post,
24650,32598,56422,post,
24667,32589,56395,post,
24173,30415,51716,post,
24188,30420,51703,post,
24775,30262,50995,post,
24778,30230,50966,post,
24977,30093,51204,post,
24923,30136,51128,post,
24911,30134,51119,post,
24835,30196,50999,post,
24432,29960,49487,post,
24306,29939,49569,post,
24432,29951,49449,post,
24275,29931,49571,post,
24418,29932,49421,post,
24496,30066,43751,post,
24508,29251,44713,post,
24500,29228,44708,post,
24633,29402,44523,post,
24128,30142,45286,post,
24152,30137,45270,post,
24461,30243,43732,post,
24436,30312,43650,post,
24824,28551,43855,post,
24899,28473,43880,post,
24836,28549,43818,post,
24898,28571,43780,post,
24476,29268,44994,post,
24460,29265,44962,post,
24493,29314,44945,post,
24454,29262,44935,post,
24460,29222,44992,post,
24156,30528,43367,post,
24850,28716,43906,post,
24397,30536,42763,post,
24584,30115,42124,post,
24517,29982,42029,post,
24465,30429,42868,post,
24535,29997,41938,post,
24500,29956,41955,post,
24489,29941,41921,post,
24474,29922,41884,post,
24329,29895,41315,post,
24504,29960,41992,post,
24316,29911,40952,post,
25239,30538,39681,post,
25920,30432,39163,post,
25921,30260,39110,post,
24194,29299,43722,post,
27152,30147,39392,post,
26744,30160,39470,post,
27118,30198,39303,post,
27389,30365,38542,post,
27367,30362,38524,post,
24306,28996,44116,post,
24279,28998,44073,post,
23932,28777,43949,post,
23932,28799,43951,post,
23942,28730,43944,post,
24304,28939,44024,post,
24281,28984,44027,post,
24290,28932,44005,post,
24284,28973,43996,post,
24291,28952,43985,post,
24897,28385,43737,post,
24800,28373,43746,post,
24828,28346,43728,post,
24882,28465,43769,post,
24876,28428,43761,post,
24796,28450,43763,post,
24800,28417,43761,post,
23840,30082,42719,post,
23848,30057,42749,post,
23822,30060,42863,post,
23823,30032,42840,post,
23823,30056,42852,post,
23845,30043,42795,post,
23844,30022,42792,post,
24615,30167,41928,post,
24610,30116,41941,post,
24391,29878,41212,post,
24385,29873,41176,post,
25043,30739,40676,post,
24679,38596,78523,post,
24508,28902,43783,post,
23952,29039,43998,post,
27241,30342,38577,post,
27270,30334,38543,post,
24559,29719,45494,post,
24248,30499,40531,post,
24254,30477,40522,post,
24429,28483,44887,post,
24446,28427,44813,post,
23589,29942,44584,post,
24511,29146,44705,post,
24472,29119,44699,post,
24510,29220,44730,post,
24522,29239,44720,post,
24640,28361,44607,post,
24572,29338,45983,post,
24598,29261,45960,post,
24568,29396,45934,post,
24576,29330,45940,post,
24579,29351,45918,post,
24589,29312,45891,post,
24562,29689,45108,post,
24575,29687,45183,post,
24518,29278,44278,post,
24535,29267,44226,post,
24574,29645,45170,post,
24518,29254,44249,post,
24482,29242,44286,post,
24660,29349,44222,post,
24639,29344,44184,post,
24848,28459,44028,post,
24820,28496,43977,post,
24282,28604,45084,post,
24807,30133,44672,post,
23657,29990,44694,post,
23637,29843,44758,post,
23607,29874,44755,post,
23622,29807,44776,post,
23586,29896,44745,post,
24225,30394,40547,post,
24339,29915,40855,post,
24293,29953,40904,post,
24318,29925,40881,post,
25937,30779,39435,post,
27283,30362,38866,post,
25960,30782,39403,post,
27120,29493,38911,post,
27121,29477,38908,post,
27155,29430,38897,post,
26633,29731,39296,post,
26600,29753,39320,post,
27177,29418,38925,post,
24249,30355,40866,post,
24866,28091,44333,post,
24632,29691,44454,post,
24748,32491,56133,post,
24685,33244,57509,post,
24719,33225,57483,post,
24625,32374,55840,post,
24262,30420,51450,post,
24245,30375,51246,post,
24330,30781,52434,post,
24335,30770,52396,post,
24274,30384,51154,post,
24270,30309,51049,post,
24239,30297,51035,post,
24264,30295,50991,post,
24183,30076,50388,post,
24179,30066,50376,post,
24198,30074,50345,post,
24214,30120,50322,post,
24231,30114,50309,post,
24219,30025,50211,post,
24605,29714,48336,post,
24703,29609,48365,post,
24707,29596,48350,post,
24710,29567,48326,post,
24719,29537,48297,post,
24475,29901,49292,post,
24186,29874,49298,post,
24572,29878,49244,post,
24478,29894,49256,post,
24424,30184,44419,post,
24527,29262,45473,post,
24483,28917,45781,post,
24594,29075,45951,post,
24590,29087,45924,post,
24588,29103,45886,post,
24546,29466,45271,post,
24329,30244,44603,post,
27223,30321,38653,post,
27234,30321,38565,post,
24052,30062,50785,post,
24267,30145,50490,post,
24159,30297,51154,post,
23978,29610,49273,post,
23987,29610,49238,post,
23980,29630,49237,post,
23990,29623,49233,post,
23986,29623,49629,post,
24420,29710,46406,post,
24330,29720,46426,post,
24281,29677,46821,post,
24203,29687,46862,post,
24559,29121,45782,post,
24213,30464,44078,post,
24600,29183,45840,post,
24110,30550,43795,post,
23819,30148,44896,post,
24586,30110,42137,post,
24562,30243,42499,post,
24891,30766,40857,post,
24194,30317,40640,post,
24886,30609,40984,post,
24296,30416,51148,post,
24292,30402,51139,post,
24498,29647,45739,post,
24528,29665,45606,post,
25202,28555,43999,post,
25190,28504,43992,post,
25918,30752,39491,post,
25871,30672,39368,post,
25881,30672,39335,post,
25831,30624,39186,post,
25804,30652,39117,post,
25812,30602,39165,post,
25785,30600,39105,post,
25774,30584,39070,post,
25781,30608,39000,post,
25799,30604,39001,post,
25794,30593,38956,post,
24525,29485,44107,post,
24582,29414,44028,post,
24351,29379,43987,post,
24367,29408,43968,post,
24345,29365,43973,post,
24504,29224,43937,post,
24451,29195,43900,post,
25054,28509,43907,post,
24951,28313,44518,post,
24567,29428,44019,post,
24542,29450,44023,post,
24531,29452,43987,post,
24416,29455,43974,post,
24789,28186,43808,post,
24788,28178,43827,post,
23977,28834,43876,post,
24813,28141,43820,post,
24801,28160,43804,post,
24342,30656,41417,post,
24278,30603,41358,post,
24239,30548,41363,post,
24279,30598,41335,post,
24257,30565,41314,post,
24245,30370,40662,post,
24257,30439,40627,post,
24272,30398,40605,post,
24252,30346,40639,post,
24277,30371,40602,post,
24288,30352,40574,post,
24393,30269,40554,post,
24230,30556,40649,post,
24238,30541,40622,post,
24374,30522,40520,post,
24379,30511,40511,post,
24258,30367,40794,post,
24264,30360,40807,post,
24272,30337,40806,post,
24331,30386,40752,post,
27199,30216,39239,post,
24807,33642,57866,post,
24665,33355,57537,post,
24803,33629,57853,post,
24707,32491,56095,post,
24785,32523,56324,post,
24744,32531,56317,post,
24721,32501,56129,post,
24558,32814,56847,post,
24531,32803,56813,post,
24772,32536,56348,post,
25912,30768,39442,post,
23685,36050,67914,post,
24401,30188,50362,post,
24432,30186,50341,post,
24820,30436,51446,post,
24721,30502,51412,post,
24718,30477,51335,post,
24031,30023,45659,post,
24037,30045,45643,post,
24107,29943,45820,post,
24254,30556,43579,post,
24154,30572,43581,post,
23636,30171,44214,post,
23713,29069,45114,post,
23793,28925,45098,post,
24128,29179,43632,post,
24115,29167,43605,post,
24104,29173,43632,post,
24420,29438,43910,post,
24248,29286,43620,post,
24056,29218,43512,post,
24062,29208,43530,post,
24115,29232,43433,post,
23839,30372,44448,post,
24645,30167,41729,post,
24412,30521,40463,post,
24549,30442,42283,post,
24515,29834,40770,post,
24404,29884,40843,post,
24587,29794,40797,post,
24927,29886,40099,post,
24490,30344,40321,post,
24690,29837,40378,post,
24655,29423,44537,post,
24855,28329,44518,post,
24389,29063,44940,post,
24723,30595,41463,post,
24477,29797,48522,post,
24444,29633,46766,post,
24513,34541,61240,post,
26056,30062,39077,post,
26023,30086,39081,post,
26084,30024,39075,post,
27707,30118,38987,post,
27685,30129,39003,post,
26313,29966,38962,post,
27565,29853,39118,post,
27584,29953,39017,post,
27682,29894,38933,post,
27682,29892,38921,post,
25691,30491,39363,post,
26031,30441,39738,post,
26242,29845,39477,post,
26252,29837,39461,post,
26113,30108,39821,post,
26148,30188,39769,post,
26217,30125,39765,post,
26236,29809,39368,post,
26327,30396,39151,post,
26280,30433,39166,post,
26302,30408,39151,post,
27476,30231,39081,post,
27772,29916,38855,post,
27730,29891,38895,post,
26900,29664,39243,post,
27068,29629,39271,post,
27272,29565,39224,post,
27378,29620,39209,post,
27352,29601,39210,post,
25795,30562,39072,post,
24429,30615,40872,post,
24599,30325,40173,post,
24607,30308,40152,post,
24650,30288,40113,post,
24626,30624,40468,post,
26231,30164,39006,post,
26250,30121,38993,post,
26609,30156,38929,post,
26620,30134,38924,post,
26576,30180,38950,post,
26599,30166,38933,post,
26538,30154,38925,post,
26266,30091,38972,post,
26580,30016,38941,post,
26523,30013,38953,post,
26298,29960,38962,post,
24635,30640,40470,post,
24810,30318,39946,post,
24818,30290,39928,post,
24844,30234,39895,post,
24859,30212,39877,post,
25041,30319,39754,post,
25084,30302,39706,post,
27281,29637,38846,post,
24865,30184,39862,post,
25565,30143,39259,post,
25097,30163,39720,post,
25096,30198,39699,post,
26381,30358,39115,post,
25786,30274,39172,post,
25791,30254,39160,post,
25816,30233,39141,post,
26397,30337,39093,post,
26482,29978,38912,post,
25116,30158,39679,post,
25133,30150,39659,post,
25345,30168,39438,post,
25602,30336,39298,post,
25629,30331,39282,post,
25759,30313,39205,post,
25760,30302,39195,post,
25724,30257,39193,post,
26593,30134,38912,post,
26527,30120,38910,post,
25888,30163,39117,post,
23961,29945,51712,post,
27615,30026,38575,post,
27609,29998,38571,post,
24082,30070,45581,post,
23967,30478,43546,post,
24297,30154,45110,post,
24227,30413,44164,post,
24593,28688,43757,post,
24582,28698,43750,post,
24007,30773,43018,post,
23989,30775,43033,post,
24716,30672,41315,post,
24433,30700,41236,post,
24006,30653,42948,post,
24462,30417,42913,post,
24465,30409,42917,post,
24232,30307,40640,post,
24222,30302,40650,post,
24302,30339,40542,post,
24246,30376,40547,post,
24298,30335,40554,post,
25148,30705,40536,post,
24381,30020,40691,post,
24447,29966,40619,post,
24256,30297,40850,post,
24264,30303,40795,post,
24428,29942,40695,post,
24426,30699,41213,post,
24434,30701,41197,post,
24753,30790,41088,post,
27280,29959,38577,post,
24477,30039,40459,post,
25300,30641,39805,post,
24563,29968,40354,post,
24543,29965,40376,post,
25378,30688,39781,post,
25360,30666,39780,post,
25384,30670,39756,post,
26160,29949,39681,post,
26075,29879,39543,post,
26071,29878,39535,post,
26252,29800,39430,post,
27109,29511,38866,post,
27107,29529,38856,post,
26063,30187,39827,post,
26087,30113,39812,post,
26039,30137,39824,post,
26147,30010,39757,post,
26154,29992,39757,post,
26164,29964,39728,post,
27100,30143,38749,post,
27075,30175,38772,post,
27114,30127,38721,post,
27289,29948,38613,post,
27338,29937,38556,post,
24274,29289,44035,post,
24287,29312,44036,post,
24054,29337,43901,post,
24058,29244,43902,post,
27814,29936,38679,post,
24831,32888,57049,post,
24863,32891,57029,post,
24850,32864,57003,post,
24863,33398,57651,post,
24846,33389,57646,post,
24811,33369,57638,post,
24203,30405,51565,post,
24272,30603,51997,post,
24310,30631,51958,post,
24725,30108,50468,post,
24712,30125,50450,post,
24694,29915,49771,post,
24696,29903,49737,post,
24174,30273,51012,post,
24195,30285,51009,post,
24157,30247,50997,post,
24122,30217,50972,post,
24112,30188,50979,post,
24692,30136,50414,post,
24818,30005,50397,post,
24828,30001,50436,post,
24831,29978,50342,post,
24146,29790,46369,post,
24600,29248,45727,post,
24600,29241,45715,post,
24575,29235,45657,post,
24566,29307,45655,post,
24551,29466,45737,post,
24159,29888,46008,post,
24107,30223,44989,post,
24018,30266,44899,post,
24169,30267,44764,post,
27346,29468,39011,post,
27359,29511,38976,post,
27328,29475,38934,post,
27391,29585,38870,post,
27353,29549,38871,post,
27327,29501,38895,post,
27377,29589,38856,post,
26967,29781,39394,post,
27008,29768,39363,post,
26931,29759,39402,post,
27048,29707,39324,post,
27262,29434,39031,post,
24124,28541,45027,post,
24581,27982,44307,post,
24580,27961,44336,post,
24539,27977,44320,post,
24396,29426,43906,post,
24402,29428,43901,post,
24553,27998,44287,post,
24097,28562,45068,post,
24101,28516,45091,post,
24098,28537,45070,post,
24152,28864,43952,post,
24150,28841,43946,post,
24146,28811,43926,post,
24633,29773,48813,post,
24349,30599,41102,post,
26110,30577,39398,post,
26188,30518,39316,post,
26296,30457,39209,post,
27052,30349,38966,post,
24586,32884,57035,post,
24469,30038,49714,post,
24796,29697,49401,post,
24651,29864,49306,post,
24704,30331,44716,post,
24716,30327,44700,post,
24679,30593,41542,post,
27041,30335,38887,post,
23952,28700,43895,post,
26042,30709,39456,post,
27272,29418,38977,post,
24175,33149,57944,post,
23706,29327,47635,post,
24529,30368,42610,post,
24429,28015,44536,post,
24556,30137,44677,post,
24562,30105,44637,post,
26366,29930,39535,post,
26359,29982,39565,post,
24257,28695,45086,post,
27434,29582,39079,post,
24586,29186,45620,post,
24223,35911,62460,post,
23886,36259,68415,post,
24425,28715,45183,post,
24585,29133,45005,post,
24545,29184,45042,post,
23975,30769,43067,post,
24791,30105,44635,post,
23984,30787,42987,post,
24523,30706,51866,post,
24410,32434,56124,post,
24545,32471,56035,post,
24379,32352,55896,post,
24372,32341,55886,post,
25019,29912,51089,post,
25037,29898,51076,post,
24889,29109,49698,post,
24878,29104,49656,post,
24860,29092,49599,post,
24611,28810,46819,post,
24613,28819,46901,post,
24554,28024,44682,post,
24545,28017,44659,post,
24436,29956,45301,post,
24376,30015,45213,post,
24450,29953,45067,post,
24366,30103,45042,post,
25072,28338,43873,post,
26027,30623,39510,post,
26118,30550,39464,post,
24833,29482,49197,post,
24805,29702,49472,post,
24611,30720,40845,post,
24609,30725,40749,post,
24737,30436,40090,post,
24645,30688,40628,post,
27332,30240,39109,post,
23907,29505,47200,post,
23865,29464,47163,post,
23509,29898,44345,post,
23836,30487,43851,post,
23843,30513,43844,post,
23763,30379,44089,post,
24229,29288,44262,post,
24183,29297,44272,post,
24191,30237,44841,post,
23885,29378,43878,post,
23867,29357,43874,post,
23745,29846,43532,post,
23746,29874,43505,post,
23843,29731,43510,post,
23742,29438,43807,post,
23745,30240,44546,post,
23831,30325,44488,post,
23716,30251,44491,post,
23831,30355,44462,post,
23652,30209,44370,post,
23669,30229,44370,post,
24004,30510,42835,post,
24965,30674,40152,post,
24965,30659,39973,post,
24943,30650,39994,post,
25510,30626,39994,post,
23947,30431,42172,post,
23962,30455,42132,post,
24219,29970,41340,post,
24180,30001,41321,post,
24409,30710,40512,post,
24218,29956,41301,post,
24212,29955,41275,post,
24351,30436,40761,post,
23980,30471,42198,post,
24391,30724,40538,post,
25582,30614,39893,post,
25055,30615,39883,post,
25072,30588,39879,post,
25435,30677,39823,post,
25476,30654,39804,post,
25443,30678,39765,post,
25920,30547,39139,post,
25896,30573,39116,post,
23965,29118,43965,post,
24218,30285,41028,post,
24224,30278,40999,post,
24225,30289,40988,post,
23953,30285,41918,post,
24453,30286,50760,post,
24433,30277,50708,post,
24201,29868,49336,post,
24314,30018,45367,post,
24438,30166,44423,post,
24567,29168,45609,post,
24516,29678,45535,post,
24516,29628,45600,post,
24486,28907,45824,post,
24411,28857,45867,post,
23994,30254,44860,post,
24401,29857,43538,post,
24355,29702,43718,post,
24385,29841,43515,post,
24193,30683,42157,post,
24200,30664,42099,post,
24241,30662,42064,post,
25059,28695,43777,post,
24689,30266,44654,post,
24699,30076,44699,post,
24881,28665,43751,post,
24883,28667,43753,post,
24458,30102,44527,post,
24326,29844,42629,post,
24345,29815,42595,post,
23938,29881,42544,post,
24328,29810,42559,post,
24308,29807,42508,post,
24027,29792,42557,post,
24962,30718,39969,post,
24913,30617,39979,post,
24190,30625,41747,post,
25027,30783,40013,post,
24256,30144,40922,post,
24263,30058,40922,post,
24255,30067,40975,post,
25598,29840,39681,post,
25643,29777,39606,post,
25651,29786,39540,post,
25623,29813,39397,post,
27024,30356,39162,post,
25603,29822,39737,post,
26802,30324,39327,post,
26825,30342,39271,post,
27212,30247,39207,post,
24432,30698,41573,post,
23688,29124,47355,post,
26978,30288,38844,post,
26964,30256,38845,post,
27323,30201,38456,post,
27016,30343,38953,post,
27015,30329,38928,post,
26968,30351,38919,post,
26931,30165,38834,post,
26950,30143,38817,post,
27403,29912,38577,post,
27387,29922,38562,post,
25886,30662,39300,post,
25904,30677,39273,post,
25869,30612,39273,post,
25884,30626,39264,post,
25868,30610,39244,post,
26760,30268,38993,post,
24249,30118,50416,post,
24241,30114,50326,post,
24233,30117,50309,post,
24144,30564,43577,post,
24312,29835,41873,post,
24308,29848,41855,post,
27153,29513,38826,post,
27258,29467,38838,post,
27236,29464,38841,post,
27253,29491,38826,post,
23714,29337,47592,post,
23807,29304,47581,post,
23779,29309,47499,post,
23833,29410,47436,post,
23793,29328,47450,post,
23824,29397,47385,post,
24064,30099,45565,post,
23876,29533,46874,post,
23903,30512,43654,post,
23885,30502,43628,post,
23611,30021,44063,post,
23712,30208,44212,post,
23700,30236,44172,post,
23777,30399,44122,post,
23839,30504,43843,post,
23702,30241,44090,post,
23610,29988,44037,post,
23664,30001,43843,post,
23616,29937,43985,post,
24832,30592,40094,post,
24877,30602,40052,post,
25501,30309,40158,post,
25545,30248,40144,post,
25525,30227,40161,post,
25570,30221,40092,post,
24243,30531,40661,post,
24231,30519,40673,post,
24222,30489,40691,post,
24357,30687,40548,post,
24363,30648,40545,post,
24363,30610,40545,post,
23933,30400,42408,post,
23942,30443,42409,post,
23926,30364,42408,post,
25582,30160,40050,post,
25512,30425,40200,post,
24375,30728,40568,post,
24792,30629,40224,post,
25625,30601,39825,post,
25780,30560,39448,post,
25988,30659,39116,post,
25854,30633,39090,post,
25829,30623,39052,post,
25818,30646,38984,post,
25818,30612,38953,post,
23674,29263,45968,post,
23659,29244,46019,post,
24068,28544,45538,post,
24332,28784,45665,post,
24088,28342,45628,post,
24220,28125,45101,post,
24304,32045,55622,post,
25176,28670,43804,post,
25098,28637,43763,post,
24326,30114,40734,post,
24325,30086,40730,post,
24611,30200,40108,post,
27080,30353,38911,post,
27177,30310,38876,post,
27167,30296,38850,post,
27450,29913,39229,post,
27415,29896,39267,post,
27454,29858,39237,post,
27458,29925,39210,post,
27483,29875,39213,post,
27097,30364,38920,post,
27511,29961,39121,post,
27494,29986,39110,post,
24260,35523,64117,post,
24477,29017,43701,post,
25659,29767,39460,post,
25701,29752,39450,post,
24514,29034,43680,post,
24152,30661,42128,post,
24177,30352,40616,post,
24211,30325,40598,post,
24210,30359,40567,post,
24218,30329,40585,post,
26069,30575,39193,post,
26017,30667,39114,post,
26031,30627,39173,post,
26026,30657,39144,post,
26008,30632,39129,post,
23858,35376,62470,post,
24952,29914,50713,post,
24958,29860,50727,post,
23781,35022,61036,post,
24890,28340,44557,post,
24874,28317,44564,post,
24716,29440,44206,post,
24550,29889,44191,post,
24562,29876,44185,post,
23861,29176,48824,post,
23876,29193,48798,post,
24629,30021,41690,post,
25637,30482,39376,post,
25603,30468,39373,post,
25603,30477,39381,post,
24486,30786,43544,post,
24785,29155,48152,post,
24749,29560,48841,post,
24751,29524,48817,post,
24753,29225,48112,post,
24574,28920,46685,post,
24582,28890,46667,post,
24599,28860,46683,post,
24498,32523,56282,post,
24494,32521,56260,post,
24486,32509,56251,post,
24744,32824,56922,post,
24774,32774,56834,post,
24711,32800,56852,post,
24335,33366,57708,post,
24359,33384,57704,post,
24437,33372,57616,post,
24583,33205,57455,post,
24595,33166,57406,post,
24514,32552,56359,post,
24135,30375,51902,post,
24146,30362,51827,post,
24120,30323,51671,post,
24014,29042,50302,post,
24118,28979,50261,post,
24020,29071,50200,post,
24130,28991,50215,post,
24162,30471,51819,post,
24793,29942,50080,post,
24815,29917,50057,post,
24036,29040,50129,post,
24390,29853,49084,post,
24425,29855,49015,post,
24184,29858,49366,post,
24146,29894,49276,post,
24170,30531,43700,post,
24553,29611,44310,post,
24553,29665,45289,post,
24555,29642,45271,post,
24268,30470,43803,post,
24551,29603,45304,post,
24469,29511,44200,post,
24125,29469,43659,post,
24293,30476,43495,post,
24203,29318,43695,post,
24216,29310,43670,post,
24208,29338,43620,post,
24202,29392,43548,post,
24172,29428,43576,post,
24220,29300,43475,post,
25112,28187,43732,post,
25056,28080,43850,post,
25095,28166,43708,post,
24018,30623,42936,post,
24175,30576,42557,post,
26105,30603,39271,post,
26097,30600,39259,post,
26081,30594,39233,post,
26022,30717,39450,post,
25985,30707,39459,post,
24641,36329,68071,post,
25062,36152,66387,post,
24613,32979,57102,post,
24497,32437,55950,post,
24619,28902,50208,post,
24526,33320,57610,post,
24741,33063,57253,post,
24521,33270,57569,post,
24777,33009,57230,post,
24797,32959,57163,post,
24745,32694,56671,post,
24733,32708,56448,post,
24702,32704,56501,post,
24725,32693,56464,post,
24812,32556,56394,post,
24695,32390,55732,post,
24730,32348,55674,post,
24659,32354,55644,post,
24999,30186,51425,post,
24061,29063,50376,post,
24160,29015,50332,post,
24100,28992,50292,post,
24765,30137,50597,post,
24714,30141,50460,post,
24892,30256,51182,post,
24467,30195,50382,post,
24684,29545,47936,post,
24648,29639,47773,post,
24310,28469,45532,post,
24292,28560,45477,post,
24294,28553,45326,post,
24301,28481,45373,post,
24291,28539,45327,post,
24309,28447,45356,post,
24521,29430,44564,post,
24524,29407,44551,post,
24451,29717,45775,post,
24317,29870,45749,post,
24292,29923,45639,post,
24510,29395,44468,post,
24268,30559,43595,post,
24350,30356,44011,post,
24497,29428,44361,post,
24544,29557,44362,post,
24363,30311,44124,post,
24367,30320,44100,post,
24718,29393,44191,post,
24329,28070,44710,post,
24701,29375,44190,post,
24603,29373,44142,post,
24425,30462,43566,post,
24284,30282,44637,post,
24308,30281,44623,post,
23929,30495,42674,post,
23926,30494,42655,post,
23895,30298,42755,post,
27584,30304,38873,post,
27581,30311,38846,post,
27574,30061,38538,post,
27396,30194,38451,post,
27461,30214,38467,post,
27431,30223,38457,post,
27421,30224,38457,post,
24253,30608,52024,post,
23621,29391,44644,post,
23621,29374,44625,post,
24550,29523,44825,post,
24555,29858,44868,post,
24384,28688,49404,post,
24466,30428,51144,post,
24293,28519,45311,post,
25371,30665,40013,post,
25658,30273,40022,post,
25659,30235,40026,post,
25639,30195,40001,post,
25511,30449,40236,post,
25922,29970,39767,post,
25419,35377,62522,post,
25354,35248,62259,post,
25213,34585,60897,post,
24571,33633,57709,post,
24447,32632,56504,post,
24683,28279,44804,post,
24653,28306,44770,post,
24508,28255,44871,post,
25088,35838,62441,post,
24988,32386,56133,post,
24361,30164,40648,post,
24391,30153,40588,post,
24427,30127,40518,post,
24399,30147,40572,post,
24294,30303,40846,post,
24290,30283,40837,post,
24310,30254,40779,post,
24323,30190,40741,post,
24554,30141,40165,post,
24603,30052,40173,post,
24694,30166,40027,post,
24705,30150,40015,post,
26166,29931,39079,post,
26524,29910,38950,post,
27020,29682,39061,post,
24459,30101,40336,post,
24525,30040,40330,post,
24484,30076,40340,post,
24475,30102,40294,post,
26224,30430,39552,post,
24510,30087,40263,post,
26086,30432,39691,post,
25504,30001,39389,post,
25879,30211,39123,post,
26250,30455,39439,post,
27445,29806,38918,post,
27820,29897,38809,post,
25310,30018,39552,post,
26372,30393,39186,post,
27104,30042,38767,post,
24547,33509,57635,post,
24523,33479,57631,post,
24447,32418,56028,post,
24458,32431,55991,post,
24391,32362,55992,post,
24391,32356,55962,post,
23322,29852,44665,post,
24257,37059,73989,post,
23315,29882,44629,post,
23310,29885,44634,post,
23408,29762,44617,post,
23360,29905,44540,post,
23444,29845,44503,post,
23421,29862,44508,post,
23466,29807,44516,post,
24030,28417,45420,post,
23510,29371,44504,post,
23536,29394,44461,post,
23536,29351,44447,post,
23541,29335,44447,post,
23562,29398,44386,post,
23552,29419,44301,post,
23510,29452,44289,post,
23456,29481,44318,post,
23482,29463,44320,post,
23432,29500,44322,post,
24101,28540,45306,post,
24117,28497,45304,post,
24110,28480,45255,post,
23897,28430,45185,post,
24106,28532,45164,post,
24049,28434,45182,post,
24670,30216,50529,pre,12311.0
24165,28987,50274,pre,12311.0
24149,28984,50251,pre,12311.0
24740,30207,50644,pre,12311.0
24744,30186,50615,pre,12311.0
24725,30172,50576,pre,12311.0
24865,30042,50581,pre,12311.0
24894,29954,50505,pre,12311.0
24894,29932,50489,pre,12311.0
24811,29955,50183,pre,12311.0
24790,29976,50170,pre,12311.0
24793,29963,50111,pre,12311.0
24810,29943,50132,pre,12311.0
24814,29934,50091,pre,12311.0
24653,30165,50410,pre,12311.0
24624,30157,50396,pre,12311.0
24276,30036,45409,pre,12311.0
24291,30028,45381,pre,12311.0
24432,29919,45365,pre,12311.0
24458,29936,45303,pre,12311.0
24075,30092,45579,pre,12311.0
24602,29205,45688,pre,12311.0
24388,29880,45613,pre,12311.0
24521,30571,51503,pre,12290.0
24501,30548,51477,pre,12290.0
24401,30404,51103,pre,12290.0
24368,30413,51121,pre,12290.0
24308,30380,51119,pre,12290.0
24221,30326,51102,pre,12290.0
24384,30388,51071,pre,12290.0
24395,30475,51252,pre,12290.0
24814,29934,50091,pre,12290.0
24448,28241,44906,pre,12290.0
24094,30158,45275,pre,12290.0
24119,30164,45255,pre,12290.0
24262,30078,45310,pre,12290.0
24545,28110,44774,pre,12290.0
24578,29568,45016,pre,12290.0
25668,29779,39542,pre,12252.0
25630,29768,39423,pre,12252.0
25651,29755,39400,pre,12252.0
24555,28276,44602,pre,12191.0
24802,28010,44568,pre,12191.0
24788,28054,44525,pre,12191.0
24659,28030,44406,pre,12191.0
24930,30503,51620,pre,12179.0
24607,29712,48537,pre,12052.0
23674,36084,65972,pre,11997.0
24479,32442,55981,pre,11948.0
24271,30661,52139,pre,11932.0
24252,30654,52157,pre,11932.0
27246,30302,38543,pre,11877.0
24580,30590,51476,pre,11697.0
24521,30571,51503,pre,11697.0
24543,30551,51370,pre,11697.0
24519,30538,51347,pre,11697.0
24491,30532,51335,pre,11697.0
24224,30185,41023,pre,11682.0
24232,30150,41004,pre,11682.0
27427,29665,38932,pre,11682.0
23625,30123,44319,pre,11654.0
23607,30082,44326,pre,11654.0
23465,29828,44507,pre,11654.0
23456,29856,44503,pre,11654.0
23599,30086,44284,pre,11654.0
23778,30363,44143,pre,11654.0
23563,29320,44188,pre,11654.0
23541,29340,44196,pre,11654.0
23511,29401,44145,pre,11654.0
23498,29435,44140,pre,11654.0
23574,29283,44112,pre,11654.0
23591,29258,44115,pre,11654.0
23597,29271,44159,pre,11654.0
23551,29300,44059,pre,11654.0
23479,29554,44253,pre,11654.0
23476,29511,44235,pre,11654.0
23505,29570,44106,pre,11654.0
23552,29323,44001,pre,11654.0
23540,29346,44019,pre,11654.0
24550,29245,43992,pre,11654.0
24627,29348,43920,pre,11654.0
23650,29908,43746,pre,11654.0
23789,29245,43910,pre,11654.0
23751,29952,43431,pre,11654.0
23900,29133,44077,pre,11654.0
23817,29166,44055,pre,11654.0
23833,29159,44034,pre,11654.0
23729,29184,44018,pre,11654.0
24010,29130,43981,pre,11654.0
23812,29154,44020,pre,11654.0
23983,29125,43961,pre,11654.0
24784,30621,40201,pre,11654.0
24789,30559,40105,pre,11654.0
24198,30322,40644,pre,11654.0
24260,30445,40533,pre,11654.0
24732,30220,39968,pre,11654.0
24268,30472,40536,pre,11654.0
24455,30672,40469,pre,11654.0
24723,30189,39972,pre,11654.0
24756,30195,39946,pre,11654.0
24355,29951,40811,pre,11654.0
24380,29936,40801,pre,11654.0
24528,30277,40218,pre,11654.0
24542,30262,40197,pre,11654.0
25865,30532,39222,pre,11654.0
25886,30522,39198,pre,11654.0
25916,30501,39190,pre,11654.0
27422,30338,38979,pre,11530.0
27397,30329,38994,pre,11530.0
27363,30316,39009,pre,11530.0
24600,28933,46756,pre,11521.0
24596,28874,46709,pre,11521.0
26976,30271,38850,pre,11512.0
27069,30357,38921,pre,11512.0
24713,32709,56460,pre,11483.0
24148,29343,43786,pre,11446.0
23950,29248,43802,pre,11446.0
24038,29241,43834,pre,11446.0
24648,28536,43918,pre,11446.0
24057,29180,43604,pre,11446.0
24860,28415,44029,pre,11446.0
23953,29271,43777,pre,11446.0
24031,29222,43701,pre,11446.0
24577,28713,43931,pre,11446.0
24112,28845,43834,pre,11446.0
24010,29130,43981,pre,11446.0
23956,29084,43986,pre,11446.0
24296,28955,43985,pre,11446.0
23983,29125,43961,pre,11446.0
24145,28939,43944,pre,11446.0
24334,28965,43843,pre,11446.0
24855,35727,67899,pre,11164.0
25155,35774,65046,pre,11145.0
24510,28983,43700,pre,11111.0
24479,32442,55981,pre,11084.0
24608,32393,55870,pre,11084.0
24740,30207,50644,pre,11084.0
24595,29213,46107,pre,11084.0
24596,29240,46086,pre,11084.0
24560,29463,46186,pre,11084.0
24597,29143,46040,pre,11084.0
24602,29114,46021,pre,11084.0
24605,29155,46003,pre,11084.0
25194,28517,43902,pre,11084.0
25167,28451,43865,pre,11084.0
23607,29868,44781,pre,11084.0
27069,30357,38921,pre,11084.0
24214,30270,50885,pre,11047.0
24231,30269,50859,pre,11047.0
24076,30089,50792,pre,11047.0
24100,30099,50759,pre,11047.0
24894,29954,50505,pre,11047.0
24894,29932,50489,pre,11047.0
24237,30314,51078,pre,11047.0
24215,30302,51067,pre,11047.0
24196,30281,50991,pre,11047.0
24213,30282,50947,pre,11047.0
24436,30036,49760,pre,11047.0
24523,30033,49713,pre,11047.0
24813,29636,49210,pre,11047.0
24208,29926,49640,pre,11047.0
24216,29913,49609,pre,11047.0
24790,29788,49588,pre,11047.0
24786,29739,49434,pre,11047.0
24794,29748,49464,pre,11047.0
24793,29963,50111,pre,11047.0
24842,29899,50150,pre,11047.0
24810,29943,50132,pre,11047.0
24814,29934,50091,pre,11047.0
24212,30093,50403,pre,11047.0
24234,30102,50390,pre,11047.0
24802,29567,49020,pre,11047.0
24795,29559,48993,pre,11047.0
24823,29461,48972,pre,11047.0
24459,29944,49415,pre,11047.0
24756,29760,49267,pre,11047.0
23627,29392,44651,pre,11047.0
23601,29423,44654,pre,11047.0
23648,29369,44641,pre,11047.0
23580,30074,44549,pre,11047.0
23615,29894,44774,pre,11047.0
23595,29910,44765,pre,11047.0
23578,30078,44522,pre,11047.0
24271,30661,52139,pre,10989.0
24252,30654,52157,pre,10989.0
24234,30609,51738,pre,10989.0
24223,30588,51757,pre,10989.0
24813,29636,49210,pre,10989.0
24745,30159,44607,pre,10989.0
24805,29780,49674,pre,10973.0
24621,32529,56205,pre,10950.0
24713,32709,56460,pre,10950.0
24481,32438,56008,pre,10950.0
24479,32442,55981,pre,10950.0
24930,30503,51620,pre,10950.0
24830,30539,51553,pre,10950.0
24881,30469,51522,pre,10950.0
24564,30593,51518,pre,10950.0
24580,30590,51476,pre,10950.0
24850,30479,51500,pre,10950.0
24800,30525,51502,pre,10950.0
24824,30504,51500,pre,10950.0
24712,30215,50614,pre,10950.0
24692,30227,50594,pre,10950.0
24660,30232,50564,pre,10950.0
24670,30216,50529,pre,10950.0
24546,30216,50500,pre,10950.0
24916,30448,51532,pre,10950.0
24911,30446,51499,pre,10950.0
24740,30207,50644,pre,10950.0
24372,30450,51187,pre,10950.0
24331,30414,51145,pre,10950.0
24618,30552,51425,pre,10950.0
24866,30279,51133,pre,10950.0
24840,30295,51123,pre,10950.0
24575,30539,51349,pre,10950.0
24666,30360,51029,pre,10950.0
24629,30375,51037,pre,10950.0
24384,30388,51071,pre,10950.0
24404,30371,51023,pre,10950.0
24607,30509,51315,pre,10950.0
24615,30497,51292,pre,10950.0
24603,29869,49251,pre,10950.0
24660,30232,50564,pre,10860.0
24271,30661,52139,pre,10860.0
24252,30654,52157,pre,10860.0
24491,30532,51335,pre,10860.0
24459,30523,51328,pre,10860.0
24842,29899,50150,pre,10860.0
24810,29943,50132,pre,10860.0
24814,29934,50091,pre,10860.0
24425,28799,46027,pre,10860.0
24394,28833,45832,pre,10860.0
24749,29489,48598,pre,10807.0
24738,29515,48542,pre,10807.0
24742,29498,48565,pre,10807.0
23862,29985,45527,pre,10807.0
24276,30036,45409,pre,10807.0
24291,30028,45381,pre,10807.0
23346,29861,44655,pre,10807.0
24075,30092,45579,pre,10807.0
24112,29940,45861,pre,10807.0
24094,30158,45275,pre,10807.0
24119,30164,45255,pre,10807.0
24080,30175,45252,pre,10807.0
24262,30078,45310,pre,10807.0
24115,30177,45229,pre,10807.0
24288,30099,45234,pre,10807.0
23816,30153,44931,pre,10807.0
23806,30129,44939,pre,10807.0
24540,28981,43688,pre,10807.0
23655,29336,44802,pre,10807.0
24942,28192,43733,pre,10807.0
24181,30664,42178,pre,10807.0
24871,28300,44562,pre,10802.0
24836,28299,44556,pre,10802.0
24645,33323,57539,pre,10758.0
24713,32709,56460,pre,10758.0
24929,30306,51355,pre,10758.0
24067,29080,50414,pre,10758.0
24165,28987,50274,pre,10758.0
24149,28984,50251,pre,10758.0
24865,30042,50581,pre,10758.0
24653,30165,50410,pre,10758.0
24624,30157,50396,pre,10758.0
24315,28554,45491,pre,10758.0
24388,29880,45613,pre,10758.0
24496,29440,44322,pre,10758.0
24528,29302,44253,pre,10758.0
24687,29361,44209,pre,10758.0
24647,29388,44131,pre,10758.0
24342,28344,45145,pre,10758.0
24312,30254,44654,pre,10758.0
23930,30507,42672,pre,10758.0
27552,30281,38573,pre,10758.0
25142,35038,61950,pre,10751.0
24318,29815,46036,pre,10650.0
24334,29794,46007,pre,10650.0
24648,32968,57088,pre,10641.0
24214,30270,50885,pre,10641.0
24231,30269,50859,pre,10641.0
24372,30450,51187,pre,10641.0
24491,30532,51335,pre,10641.0
24459,30523,51328,pre,10641.0
25232,34985,60758,pre,10634.0
24568,36271,68124,pre,10634.0
24446,36304,67943,pre,10634.0
24571,28997,46818,pre,10634.0
24524,32559,56313,pre,10603.0
24793,29963,50111,pre,10603.0
24814,29934,50091,pre,10603.0
24568,29605,44337,pre,10603.0
24547,29691,45291,pre,10603.0
24557,29652,45092,pre,10603.0
24099,29464,43657,pre,10603.0
24189,29381,43512,pre,10603.0
24203,29342,43557,pre,10603.0
25894,30740,39448,pre,10603.0
24858,30348,51301,pre,10512.0
24858,30310,51215,pre,10512.0
24894,29954,50505,pre,10512.0
24799,30333,51181,pre,10512.0
24809,30316,51148,pre,10512.0
23346,29861,44655,pre,10456.0
24344,30324,50885,pre,10435.0
24310,30308,50872,pre,10435.0
24866,30279,51133,pre,10435.0
24607,30509,51315,pre,10435.0
24615,30497,51292,pre,10435.0
24717,28340,44562,pre,10435.0
26946,30229,39369,pre,10435.0
24614,29718,44486,pre,10423.0
24625,29700,44469,pre,10423.0
24606,29723,44376,pre,10423.0
23624,29378,44602,pre,10423.0
24459,29944,49415,pre,10391.0
24330,29899,49375,pre,10391.0
24144,29886,49249,pre,10391.0
24350,28613,45517,pre,10391.0
24305,28546,45540,pre,10391.0
24286,28669,45364,pre,10391.0
24304,28645,45334,pre,10391.0
24458,29936,45303,pre,10391.0
24040,28429,45437,pre,10391.0
24042,28392,45525,pre,10391.0
24078,28400,45488,pre,10391.0
24050,28385,45494,pre,10391.0
24061,28393,45464,pre,10391.0
24022,28395,45463,pre,10391.0
24288,30099,45234,pre,10391.0
24308,30096,45203,pre,10391.0
24321,30122,45148,pre,10391.0
24336,30157,45073,pre,10391.0
24334,30168,45045,pre,10391.0
25151,28551,43937,pre,10391.0
25139,28291,43828,pre,10391.0
25110,28315,43824,pre,10391.0
25189,28682,43846,pre,10391.0
24891,28809,43789,pre,10391.0
24875,28790,43775,pre,10391.0
24851,28787,43755,pre,10391.0
24622,28766,43717,pre,10391.0
24604,28805,43696,pre,10391.0
24949,28640,43730,pre,10391.0
25894,30740,39448,pre,10391.0
24453,33593,57862,pre,10241.0
24101,28310,44889,pre,10228.0
23973,28336,45201,pre,10228.0
24034,28393,45161,pre,10228.0
23974,28358,45177,pre,10228.0
23984,28321,45181,pre,10228.0
23990,28318,45151,pre,10228.0
23991,28315,45124,pre,10228.0
24412,28686,45209,pre,10228.0
24053,28424,45165,pre,10228.0
24576,29124,45024,pre,10228.0
24541,29085,45026,pre,10228.0
24564,29114,45000,pre,10228.0
24567,29138,44985,pre,10228.0
24793,30095,44651,pre,10228.0
24777,30126,44625,pre,10228.0
24579,30109,44631,pre,10228.0
24745,30159,44607,pre,10228.0
24691,33647,57773,pre,10221.0
24734,29546,48577,pre,10180.0
24749,29489,48598,pre,10180.0
24738,29515,48542,pre,10180.0
24742,29498,48565,pre,10180.0
24005,30262,44919,pre,10180.0
27305,29476,38867,pre,10180.0
24782,30560,40146,pre,10110.0
24594,30238,40139,pre,10110.0
24605,30262,40133,pre,10110.0
24652,30240,40102,pre,10110.0
24766,30417,40050,pre,10110.0
24408,30082,40596,pre,10110.0
24412,30177,40544,pre,10110.0
24471,30028,40497,pre,10110.0
24554,30220,40171,pre,10110.0
26585,30157,38942,pre,10110.0
24704,30198,39994,pre,10110.0
24766,30164,39947,pre,10110.0
24781,30126,39958,pre,10110.0
24745,29963,40172,pre,10110.0
24745,29940,40198,pre,10110.0
24989,29958,39954,pre,10110.0
24783,29939,40149,pre,10110.0
26227,29838,39179,pre,10110.0
26201,29849,39164,pre,10110.0
26210,29864,39124,pre,10110.0
26551,29782,39163,pre,10110.0
26767,29765,39081,pre,10110.0
26793,29768,39054,pre,10110.0
27537,29731,39100,pre,10110.0
27546,29736,39065,pre,10110.0
27577,29842,39001,pre,10110.0
27393,29802,38999,pre,10110.0
27419,29796,39017,pre,10110.0
27472,29715,38982,pre,10110.0
27447,29737,39016,pre,10110.0
27400,29728,39019,pre,10110.0
27516,29922,38973,pre,10110.0
27508,29707,39153,pre,10110.0
26724,29695,39173,pre,10110.0
26896,29690,39110,pre,10110.0
26850,29691,39122,pre,10110.0
27468,29630,39104,pre,10110.0
27171,29495,39121,pre,10110.0
27427,29665,38932,pre,10110.0
27391,29685,38921,pre,10110.0
26976,30271,38850,pre,10110.0
27677,30032,38613,pre,10110.0
27724,30011,38638,pre,10110.0
27698,29998,38620,pre,10110.0
27671,29982,38605,pre,10110.0
27640,30013,38593,pre,10110.0
24494,30181,40264,pre,10110.0
26246,30422,39573,pre,10110.0
26225,30412,39587,pre,10110.0
26181,30447,39552,pre,10110.0
24511,30173,40238,pre,10110.0
25438,30674,39727,pre,10110.0
26201,30495,39307,pre,10110.0
24847,30269,39921,pre,10110.0
26228,30485,39284,pre,10110.0
25503,29984,39428,pre,10110.0
25476,30002,39425,pre,10110.0
24858,30128,39910,pre,10110.0
24824,30134,39925,pre,10110.0
25596,30082,39270,pre,10110.0
25564,30103,39272,pre,10110.0
25616,30072,39273,pre,10110.0
26169,30450,39577,pre,10110.0
26191,30452,39527,pre,10110.0
25839,29893,39381,pre,10110.0
25732,29914,39397,pre,10110.0
25761,29914,39372,pre,10110.0
25705,29915,39400,pre,10110.0
25727,29924,39372,pre,10110.0
25080,29952,39887,pre,10110.0
25055,29952,39916,pre,10110.0
26249,29826,39396,pre,10110.0
25874,29884,39375,pre,10110.0
25156,29956,39826,pre,10110.0
25112,29947,39878,pre,10110.0
26339,30395,39170,pre,10110.0
25862,29891,39346,pre,10110.0
25787,29914,39339,pre,10110.0
25750,29926,39333,pre,10110.0
25896,29878,39353,pre,10110.0
25182,29951,39815,pre,10110.0
25140,29945,39857,pre,10110.0
26357,30380,39154,pre,10110.0
25941,29888,39262,pre,10110.0
25910,29891,39283,pre,10110.0
25206,29943,39805,pre,10110.0
26690,29711,39187,pre,10110.0
27651,29843,38882,pre,10110.0
27372,29806,38907,pre,10110.0
27359,29808,38872,pre,10110.0
27329,29815,38855,pre,10110.0
27796,29889,38825,pre,10110.0
27768,29888,38846,pre,10110.0
27423,29889,38788,pre,10110.0
27337,29904,38802,pre,10110.0
27306,29922,38799,pre,10110.0
27287,29937,38787,pre,10110.0
27220,29945,38807,pre,10110.0
27255,29931,38804,pre,10110.0
27174,29893,38812,pre,10110.0
27077,29890,38827,pre,10110.0
27102,29920,38818,pre,10110.0
27131,29925,38815,pre,10110.0
27730,29861,38797,pre,10110.0
27701,29862,38790,pre,10110.0
27329,29835,38836,pre,10110.0
27391,29835,38823,pre,10110.0
27349,29853,38822,pre,10110.0
27347,29880,38813,pre,10110.0
27289,29850,38826,pre,10110.0
27316,29855,38823,pre,10110.0
27256,29844,38838,pre,10110.0
27212,29883,38816,pre,10110.0
27108,29883,38824,pre,10110.0
25286,30100,39521,pre,10110.0
25309,30107,39493,pre,10110.0
27817,29927,38781,pre,10110.0
27787,29905,38752,pre,10110.0
27803,29933,38733,pre,10110.0
27718,29886,38749,pre,10110.0
27677,29874,38772,pre,10110.0
27685,29886,38749,pre,10110.0
27563,29886,38748,pre,10110.0
25342,30105,39470,pre,10110.0
25466,29988,39446,pre,10110.0
27793,29915,38692,pre,10110.0
27725,29894,38711,pre,10110.0
27765,29910,38685,pre,10110.0
27726,29919,38673,pre,10110.0
27601,29903,38705,pre,10110.0
27563,29899,38716,pre,10110.0
27548,29894,38691,pre,10110.0
27789,29951,38703,pre,10110.0
26817,30140,38909,pre,10110.0
27812,29953,38765,pre,10110.0
27795,29961,38731,pre,10110.0
25930,30024,39119,pre,10110.0
25940,30056,39105,pre,10110.0
25968,30031,39105,pre,10110.0
25877,30050,39137,pre,10110.0
25902,30019,39135,pre,10110.0
25849,30030,39160,pre,10110.0
25920,29988,39136,pre,10110.0
27658,29916,38636,pre,10110.0
27690,29923,38655,pre,10110.0
27638,29942,38603,pre,10110.0
24780,29372,48496,pre,10102.0
24762,30524,51470,pre,10085.0
24692,30227,50594,pre,10085.0
24660,30232,50564,pre,10085.0
24546,30216,50500,pre,10085.0
24895,30008,50696,pre,10085.0
24899,29985,50677,pre,10085.0
24865,30042,50581,pre,10085.0
24464,30459,51199,pre,10085.0
24494,30451,51172,pre,10085.0
24506,30435,51147,pre,10085.0
24646,30535,51416,pre,10085.0
24491,30532,51335,pre,10085.0
24459,30523,51328,pre,10085.0
24578,30386,50970,pre,10085.0
24620,30361,50968,pre,10085.0
24607,30509,51315,pre,10085.0
24615,30497,51292,pre,10085.0
24460,30519,51289,pre,10085.0
24485,30218,50455,pre,10085.0
24428,30204,50384,pre,10085.0
24779,29671,49096,pre,10085.0
24787,29645,49075,pre,10085.0
24765,29671,49072,pre,10085.0
24802,29567,49020,pre,10085.0
24795,29559,48993,pre,10085.0
24756,29760,49267,pre,10085.0
23738,29335,47638,pre,10085.0
24305,28546,45540,pre,10085.0
24425,28799,46027,pre,10085.0
24227,28101,44702,pre,10085.0
24248,28116,44691,pre,10085.0
24375,28032,44707,pre,10085.0
24406,28031,44717,pre,10085.0
24444,28027,44710,pre,10085.0
23615,29894,44774,pre,10085.0
23595,29910,44765,pre,10085.0
23580,30074,44549,pre,10085.0
23578,30078,44522,pre,10085.0
24929,30306,51355,pre,10063.0
24837,30315,51185,pre,10063.0
24799,30333,51181,pre,10063.0
24809,30316,51148,pre,10063.0
24681,30400,51124,pre,10063.0
24643,30413,51107,pre,10063.0
24629,30375,51037,pre,10063.0
24578,30386,50970,pre,10063.0
24350,28613,45517,pre,10016.0
23930,30507,42672,pre,10016.0
24297,37757,75508,pre,10002.0
24276,37720,75507,pre,10002.0
24268,37678,75309,pre,10002.0
23953,37453,74573,pre,10002.0
24218,37016,74005,pre,10002.0
23465,29828,44507,pre,10002.0
23456,29856,44503,pre,10002.0
24040,28429,45437,pre,10002.0
24022,28395,45463,pre,10002.0
24029,28407,45404,pre,10002.0
23533,29368,44468,pre,10002.0
23546,29359,44446,pre,10002.0
23567,29408,44397,pre,10002.0
23559,29400,44299,pre,10002.0
23553,29356,44254,pre,10002.0
24095,28559,45305,pre,10002.0
24082,28580,45288,pre,10002.0
24090,28559,45273,pre,10002.0
24122,28547,45268,pre,10002.0
24129,28497,45280,pre,10002.0
24127,28513,45310,pre,10002.0
24111,28473,45234,pre,10002.0
24053,28424,45165,pre,10002.0
24050,29328,43498,pre,10002.0
24427,29676,46416,pre,16690.0
24459,29944,49415,pre,16568.0
24539,29851,44224,pre,16544.0
23930,30507,42672,pre,16544.0
25165,28464,43976,pre,16522.0
24916,30448,51532,pre,16509.0
24447,28036,44473,pre,16448.0
25894,30740,39448,pre,16186.0
26896,29690,39110,pre,16186.0
26850,29691,39122,pre,16186.0
26021,30427,39757,pre,16186.0
26183,30156,39767,pre,16186.0
26249,29826,39396,pre,16186.0
24189,29381,43512,pre,16111.0
24291,30028,45381,pre,16011.0
24321,30122,45148,pre,16011.0
24336,30157,45073,pre,16011.0
24666,30360,51029,pre,15905.0
24620,30361,50968,pre,15905.0
24376,30460,51225,pre,15761.0
24894,29954,50505,pre,15761.0
24372,30450,51187,pre,15761.0
24579,30109,44631,pre,15627.0
25167,28451,43865,pre,15586.0
24886,28352,44516,pre,15586.0
24927,28320,44540,pre,15586.0
24841,28202,44309,pre,15586.0
24818,28218,44326,pre,15586.0
25123,28208,43913,pre,15586.0
25139,28291,43828,pre,15586.0
25110,28315,43824,pre,15586.0
24734,29546,48577,pre,15580.0
24286,28669,45364,pre,15556.0
24458,29936,45303,pre,15556.0
24559,29737,45197,pre,15556.0
24614,28825,46871,pre,15556.0
24436,28778,46068,pre,15556.0
24425,28799,46027,pre,15556.0
24094,30158,45275,pre,15556.0
24119,30164,45255,pre,15556.0
24350,30180,44930,pre,15556.0
24547,29691,45291,pre,15556.0
24444,28027,44710,pre,15556.0
24517,28028,44659,pre,15556.0
24577,29336,44075,pre,15556.0
24500,29172,45147,pre,15556.0
24517,29464,44180,pre,15556.0
24451,29510,44129,pre,15556.0
24550,29245,43992,pre,15556.0
24256,28762,45299,pre,15556.0
24566,28017,44293,pre,15556.0
24559,29664,45036,pre,15556.0
25151,28551,43937,pre,15556.0
24093,28793,44033,pre,15556.0
24741,28744,43973,pre,15556.0
24942,28192,43733,pre,15556.0
23645,30063,44645,pre,15556.0
24552,29969,44668,pre,15556.0
23580,30074,44549,pre,15556.0
24949,28640,43730,pre,15556.0
24408,30082,40596,pre,15556.0
24421,30058,40589,pre,15556.0
24583,29812,40972,pre,15556.0
26201,30495,39307,pre,15556.0
27305,29476,38867,pre,15556.0
26946,30364,39174,pre,15556.0
27422,30338,38979,pre,15556.0
27363,30316,39009,pre,15556.0
27069,30357,38921,pre,15556.0
24567,29709,45500,pre,15505.0
24553,29722,45327,pre,15505.0
24595,29213,46107,pre,15505.0
24458,29936,45303,pre,15505.0
24559,29716,45245,pre,15505.0
24559,29737,45197,pre,15505.0
24611,29435,45766,pre,15505.0
24606,29219,45754,pre,15505.0
24597,29143,46040,pre,15505.0
24605,29155,46003,pre,15505.0
24610,29141,45962,pre,15505.0
24598,29207,46070,pre,15505.0
24616,29202,45891,pre,15505.0
24610,29212,45858,pre,15505.0
24518,29299,44282,pre,15505.0
24528,29302,44253,pre,15505.0
24369,28051,44652,pre,15505.0
24647,29388,44131,pre,15505.0
24447,28036,44473,pre,15505.0
24517,29464,44180,pre,15505.0
24627,29348,43920,pre,15505.0
24824,28283,44382,pre,15505.0
24812,28259,44358,pre,15505.0
24895,28201,44314,pre,15505.0
24841,28202,44309,pre,15505.0
24818,28218,44326,pre,15505.0
24377,28993,44129,pre,15505.0
25177,28413,43918,pre,15505.0
24741,28744,43973,pre,15505.0
24692,30332,44706,pre,15505.0
24643,30160,44743,pre,15505.0
24579,29917,44673,pre,15505.0
24455,30672,40469,pre,15505.0
25277,30671,40245,pre,15505.0
26107,30540,39504,pre,15505.0
24075,30092,45579,pre,15387.0
24094,30158,45275,pre,15387.0
24119,30164,45255,pre,15387.0
24080,30175,45252,pre,15387.0
24115,30177,45229,pre,15387.0
24670,29416,44508,pre,15308.0
24643,29396,44508,pre,15308.0
24717,28340,44562,pre,15308.0
24886,28352,44516,pre,15308.0
24659,28030,44406,pre,15292.0
24615,28014,44336,pre,15292.0
24841,28202,44309,pre,15292.0
24818,28218,44326,pre,15292.0
24613,29143,46740,pre,15177.0
27305,29476,38867,pre,15024.0
24234,30609,51738,pre,14882.0
24858,30310,51215,pre,14882.0
24521,30571,51503,pre,14882.0
24501,30548,51477,pre,14882.0
24708,30252,50849,pre,14882.0
24895,30008,50696,pre,14882.0
24899,29985,50677,pre,14882.0
24894,29954,50505,pre,14882.0
24894,29932,50489,pre,14882.0
24646,30535,51416,pre,14882.0
24618,30552,51425,pre,14882.0
24837,30315,51185,pre,14882.0
24799,30333,51181,pre,14882.0
24681,30400,51124,pre,14882.0
24866,30279,51133,pre,14882.0
24840,30295,51123,pre,14882.0
24543,30551,51370,pre,14882.0
24575,30539,51349,pre,14882.0
24666,30360,51029,pre,14882.0
24779,30282,51024,pre,14882.0
24758,30324,51068,pre,14882.0
24838,30257,51065,pre,14882.0
24615,30497,51292,pre,14882.0
24805,29780,49674,pre,14882.0
24849,29486,49305,pre,14882.0
24813,29636,49210,pre,14882.0
24790,29788,49588,pre,14882.0
24794,29748,49464,pre,14882.0
24842,29899,50150,pre,14882.0
24814,29934,50091,pre,14882.0
24758,29480,48622,pre,14882.0
24749,29489,48598,pre,14882.0
24738,29515,48542,pre,14882.0
24742,29498,48565,pre,14882.0
24781,29258,48320,pre,14882.0
24769,29255,48294,pre,14882.0
24771,29212,48273,pre,14882.0
24751,29416,48390,pre,14882.0
24743,29428,48358,pre,14882.0
24722,29517,48313,pre,14882.0
24779,29671,49096,pre,14882.0
24795,29559,48993,pre,14882.0
24823,29461,48972,pre,14882.0
24719,29309,47303,pre,14882.0
24710,29318,47274,pre,14882.0
24769,29391,48584,pre,14882.0
24765,29411,48602,pre,14882.0
24774,29391,48555,pre,14882.0
24586,29076,46785,pre,14882.0
24635,29182,46745,pre,14882.0
24595,29213,46107,pre,14882.0
24596,29240,46086,pre,14882.0
24557,29564,44678,pre,14882.0
24042,28392,45525,pre,14882.0
24544,29424,44714,pre,14882.0
24670,29416,44508,pre,14882.0
24643,29396,44508,pre,14882.0
24648,29418,44491,pre,14882.0
24271,28236,44750,pre,14882.0
24506,29421,44301,pre,14882.0
24597,29143,46040,pre,14882.0
24565,28325,44590,pre,14882.0
24598,29207,46070,pre,14882.0
24568,29605,44337,pre,14882.0
24496,29440,44322,pre,14882.0
24336,30157,45073,pre,14882.0
24074,28350,45585,pre,14882.0
24334,30168,45045,pre,14882.0
24520,28100,44777,pre,14882.0
24545,28110,44774,pre,14882.0
24563,28097,44740,pre,14882.0
24570,29621,45189,pre,14882.0
24248,28116,44691,pre,14882.0
24687,29361,44209,pre,14882.0
24557,29652,45092,pre,14882.0
24802,28010,44568,pre,14882.0
24447,28036,44473,pre,14882.0
24517,29464,44180,pre,14882.0
24627,29348,43920,pre,14882.0
23893,28358,45233,pre,14882.0
25151,28551,43937,pre,14882.0
24540,28981,43688,pre,14882.0
24510,28983,43700,pre,14882.0
25194,28517,43902,pre,14882.0
23899,28423,45207,pre,14882.0
25167,28451,43865,pre,14882.0
25022,28151,44436,pre,14882.0
24927,28320,44540,pre,14882.0
24564,29928,44820,pre,14882.0
24895,28201,44314,pre,14882.0
24818,28218,44326,pre,14882.0
25177,28413,43918,pre,14882.0
25155,28226,43831,pre,14882.0
25146,28250,43800,pre,14882.0
25189,28682,43846,pre,14882.0
24891,28809,43789,pre,14882.0
24875,28790,43775,pre,14882.0
24851,28787,43755,pre,14882.0
24622,28766,43717,pre,14882.0
24655,28886,43697,pre,14882.0
24604,28805,43696,pre,14882.0
24647,29128,43877,pre,14882.0
24714,29057,43821,pre,14882.0
24730,29040,43835,pre,14882.0
24724,29030,43808,pre,14882.0
24568,29875,44721,pre,14882.0
24609,30714,40723,pre,14882.0
24593,30696,40701,pre,14882.0
24766,30417,40050,pre,14882.0
24738,30394,40060,pre,14882.0
24598,30661,40614,pre,14882.0
24672,30233,40057,pre,14882.0
24732,30220,39968,pre,14882.0
24704,30198,39994,pre,14882.0
24756,30195,39946,pre,14882.0
24792,30160,39934,pre,14882.0
24789,30192,39927,pre,14882.0
24824,30134,39925,pre,14882.0
27307,30230,39139,pre,14882.0
27422,30338,38979,pre,14882.0
27397,30329,38994,pre,14882.0
27418,30180,39101,pre,14882.0
24777,30126,44625,pre,14759.0
24745,30159,44607,pre,14759.0
26976,30271,38850,pre,14366.0
27377,30239,38456,pre,14366.0
24182,30418,40749,pre,14155.0
24305,28537,45596,pre,14151.0
23736,28954,45254,pre,14151.0
23816,30153,44931,pre,13897.0
23806,30129,44939,pre,13897.0
24524,30644,51711,pre,13859.0
24575,30652,51708,pre,13859.0
24552,30657,51723,pre,13859.0
24506,30658,51735,pre,13859.0
23979,29238,43882,pre,13846.0
24911,28486,44002,pre,13846.0
24920,28461,43996,pre,13846.0
23900,29133,44077,pre,13846.0
24961,28342,44005,pre,13846.0
25123,28208,43913,pre,13846.0
25090,28310,43880,pre,13846.0
24093,28793,44033,pre,13846.0
23958,28893,44018,pre,13846.0
24741,28744,43973,pre,13846.0
23996,28691,44007,pre,13846.0
23980,28694,43984,pre,13846.0
24865,28813,43905,pre,13846.0
23956,29084,43986,pre,13846.0
23983,29125,43961,pre,13846.0
24162,30326,41282,pre,13846.0
24182,30356,41261,pre,13846.0
24165,30316,41257,pre,13846.0
23506,29853,44379,pre,13773.0
23989,30498,42242,pre,13773.0
24444,30619,40807,pre,13773.0
24455,30672,40469,pre,13773.0
23971,30458,42091,pre,13773.0
25438,30674,39727,pre,13773.0
23918,28378,44951,pre,13658.0
24554,30220,40171,pre,13645.0
24574,30226,40153,pre,13645.0
24423,30218,40490,pre,13645.0
24732,30220,39968,pre,13645.0
24419,30194,40513,pre,13645.0
24704,30198,39994,pre,13645.0
24723,30189,39972,pre,13645.0
24756,30195,39946,pre,13645.0
24766,30164,39947,pre,13645.0
24792,30160,39934,pre,13645.0
24789,30192,39927,pre,13645.0
25564,30103,39272,pre,13645.0
25539,30112,39285,pre,13645.0
25517,30125,39294,pre,13645.0
26946,30364,39174,pre,13645.0
26970,30246,39353,pre,13612.0
24603,30627,51612,pre,13601.0
24627,30610,51537,pre,13601.0
23774,34279,60212,pre,13491.0
24540,28981,43688,pre,13479.0
24510,28983,43700,pre,13479.0
25155,28226,43831,pre,13479.0
25146,28250,43800,pre,13479.0
24258,30658,42143,pre,13479.0
24875,28790,43775,pre,13479.0
24851,28787,43755,pre,13479.0
24647,29128,43877,pre,13479.0
24746,29016,43846,pre,13479.0
24714,29057,43821,pre,13479.0
24730,29040,43835,pre,13479.0
24724,29030,43808,pre,13479.0
24784,30621,40201,pre,13479.0
24782,30560,40146,pre,13479.0
24162,30393,40643,pre,13479.0
24182,30418,40749,pre,13479.0
24295,29987,40882,pre,13479.0
24302,29999,40854,pre,13479.0
24181,30664,42178,pre,13479.0
26243,30478,39246,pre,13479.0
26228,30485,39284,pre,13479.0
25916,30501,39190,pre,13479.0
27305,29476,38867,pre,13479.0
24789,30192,39927,pre,13479.0
27307,30230,39139,pre,13479.0
27069,30357,38921,pre,13479.0
27246,30302,38543,pre,13479.0
27419,30280,38468,pre,13479.0
27377,30239,38456,pre,13479.0
24071,28339,45639,pre,13446.0
24074,28350,45585,pre,13446.0
24567,29709,45500,pre,13361.0
24574,29158,45631,pre,13361.0
24611,29435,45766,pre,13361.0
24485,28892,45789,pre,13361.0
24350,30180,44930,pre,13361.0
24412,28686,45209,pre,13089.0
24075,30092,45579,pre,12983.0
23906,30520,43633,pre,12983.0
24094,30158,45275,pre,12983.0
24080,30175,45252,pre,12983.0
23778,30363,44143,pre,12983.0
24784,30621,40201,pre,12983.0
25865,30532,39222,pre,12983.0
25886,30522,39198,pre,12983.0
25916,30501,39190,pre,12983.0
25668,29779,39542,pre,12932.0
23761,35768,65019,pre,12914.0
24576,29124,45024,pre,12855.0
24567,29138,44985,pre,12855.0
24777,30126,44625,pre,12855.0
24543,30551,51370,pre,12831.0
24575,30539,51349,pre,12831.0
24415,30301,50805,pre,12787.0
24366,30289,50773,pre,12787.0
24466,28913,45948,pre,12787.0
24394,28833,45832,pre,12787.0
24485,28892,45789,pre,12787.0
24005,30262,44919,pre,12787.0
24258,30658,42143,pre,12787.0
24552,29969,44668,pre,12787.0
24232,30150,41004,pre,12787.0
25668,29779,39542,pre,12787.0
25630,29768,39423,pre,12787.0
26946,30364,39174,pre,12787.0
24234,30102,50390,pre,12773.0
27305,29476,38867,pre,12773.0
24481,32438,56008,pre,12698.0
24617,28911,46787,pre,12698.0
24614,28825,46871,pre,12698.0
24517,28028,44659,pre,12698.0
24541,28024,44647,pre,12698.0
24091,35744,65395,pre,12539.0
24376,30460,51225,pre,12354.0
24344,30324,50885,pre,12354.0
24372,30450,51187,pre,12354.0
24331,30414,51145,pre,12354.0
24401,30404,51103,pre,12354.0
24368,30413,51121,pre,12354.0
24308,30380,51119,pre,12354.0
24221,30326,51102,pre,12354.0
24237,30314,51078,pre,12354.0
24459,30523,51328,pre,12354.0
24384,30388,51071,pre,12354.0
24404,30371,51023,pre,12354.0
24215,30302,51067,pre,12354.0
24460,30519,51289,pre,12354.0
24196,30281,50991,pre,12354.0
24213,30282,50947,pre,12354.0
24182,30279,50963,pre,12354.0
24395,30475,51252,pre,12354.0
24438,30477,51220,pre,12354.0
24406,30464,51218,pre,12354.0
24884,35554,68329,pre,12319.0
24175,30314,51195,pre,22265.0
24427,29676,46416,pre,22265.0
23859,29136,44429,pre,21792.0
23816,30153,44931,pre,21792.0
24856,28086,44343,pre,21792.0
23615,29894,44774,pre,21792.0
23595,29910,44765,pre,21792.0
24609,30714,40723,pre,21792.0
24593,30696,40701,pre,21792.0
24005,30262,44919,pre,21770.0
24784,30586,51667,pre,21589.0
24815,30565,51640,pre,21589.0
24830,30555,51606,pre,21589.0
24627,30610,51537,pre,21589.0
24830,30539,51553,pre,21589.0
24171,30317,51232,pre,21589.0
24850,30479,51500,pre,21589.0
24800,30525,51502,pre,21589.0
24824,30504,51500,pre,21589.0
24762,30524,51470,pre,21589.0
24087,30278,51634,pre,21589.0
24067,29080,50414,pre,21589.0
24076,30089,50792,pre,21589.0
24215,30302,51067,pre,21589.0
24417,30049,49914,pre,21589.0
24554,30037,49844,pre,21589.0
24436,30036,49760,pre,21589.0
24790,29976,50170,pre,21589.0
24793,29963,50111,pre,21589.0
24427,29676,46416,pre,21589.0
24595,29213,46107,pre,21589.0
24596,29240,46086,pre,21589.0
24560,29463,46186,pre,21589.0
23906,30520,43633,pre,21589.0
24318,29815,46036,pre,21589.0
24112,29940,45861,pre,21589.0
25894,30740,39448,pre,21589.0
25896,30747,39412,pre,21589.0
24911,28486,44002,pre,21493.0
24920,28461,43996,pre,21493.0
27171,29495,39121,pre,21247.0
24524,32559,56313,pre,21041.0
24621,32529,56205,pre,21041.0
24708,30252,50849,pre,21041.0
24229,30576,51785,pre,21041.0
24234,30609,51738,pre,21041.0
24223,30588,51757,pre,21041.0
24866,30279,51133,pre,21041.0
24838,30257,51065,pre,21041.0
24216,29913,49609,pre,21041.0
24330,29899,49375,pre,21041.0
24544,29424,44714,pre,21041.0
24643,29396,44508,pre,21041.0
24094,30158,45275,pre,21041.0
24262,30078,45310,pre,21041.0
25005,28618,43902,pre,21041.0
23978,30503,43205,pre,21041.0
24470,29933,41968,pre,21041.0
24327,29899,41366,pre,21041.0
24482,39987,80391,pre,21033.0
24638,38684,78374,pre,21033.0
24681,38080,77359,pre,21033.0
24630,37483,76091,pre,21033.0
24727,37107,75082,pre,21033.0
24793,30095,44651,pre,20924.0
24182,30418,40749,pre,20813.0
24627,29348,43920,pre,20588.0
24567,29709,45500,pre,20568.0
24260,30445,40533,pre,20568.0
24268,30472,40536,pre,20568.0
25021,29873,51374,pre,20547.0
23624,29378,44602,pre,20525.0
24688,28685,43950,pre,20525.0
24577,28713,43931,pre,20525.0
24887,28451,44050,pre,20525.0
23579,29753,44672,pre,20525.0
25894,30740,39448,pre,20525.0
25896,30747,39412,pre,20525.0
24376,30460,51225,pre,20444.0
24234,30609,51738,pre,20444.0
24223,30588,51757,pre,20444.0
24372,30450,51187,pre,20444.0
24204,30330,51194,pre,20444.0
23671,30061,44676,pre,20423.0
23645,30063,44645,pre,20423.0
24213,30282,50947,pre,20329.0
24182,30279,50963,pre,20329.0
23545,29338,44479,pre,20238.0
24271,28236,44750,pre,20238.0
25005,28618,43902,pre,20238.0
24865,28813,43905,pre,20238.0
24942,28192,43733,pre,20238.0
27569,30311,38695,pre,19907.0
27307,30230,39139,pre,19907.0
27069,30357,38921,pre,19907.0
24286,30466,41053,pre,19836.0
24625,29700,44469,pre,19834.0
24670,29416,44508,pre,19834.0
24643,29396,44508,pre,19834.0
24648,29418,44491,pre,19834.0
24717,28340,44562,pre,19834.0
24614,29718,44486,pre,19834.0
24451,29510,44129,pre,19834.0
25110,28315,43824,pre,19834.0
24741,28744,43973,pre,19834.0
24787,28542,43785,pre,19834.0
24830,30555,51606,pre,19605.0
24901,30524,51628,pre,19605.0
24830,30539,51553,pre,19605.0
24546,30216,50500,pre,19458.0
24485,30218,50455,pre,19458.0
23774,34279,60212,pre,19452.0
24039,35859,68193,pre,19367.0
24621,32529,56205,pre,19358.0
24629,30375,51037,pre,19358.0
24578,30386,50970,pre,19358.0
24068,28853,44059,pre,19312.0
24375,28910,44025,pre,19312.0
24339,28905,44015,pre,19312.0
24127,28910,44021,pre,19312.0
24296,28955,43985,pre,19312.0
24787,28542,43785,pre,19312.0
24038,29241,43834,pre,19225.0
25029,28123,44449,pre,18889.0
25016,28159,44466,pre,18889.0
23811,35758,64673,pre,18814.0
24566,28017,44293,pre,18793.0
24094,28584,45183,pre,18793.0
24127,28910,44021,pre,18793.0
24565,28325,44590,pre,18516.0
25139,28291,43828,pre,18516.0
25155,28226,43831,pre,18516.0
24481,32438,56008,pre,18489.0
24479,32442,55981,pre,18489.0
23595,29910,44765,pre,18489.0
24791,36052,71275,pre,18446.0
25215,41484,81792,pre,18446.0
24645,33323,57539,pre,18321.0
24727,32461,56021,pre,18321.0
23801,30223,45206,pre,18306.0
24112,29940,45861,pre,18306.0
23782,28981,45019,pre,18306.0
24909,29891,40140,pre,18306.0
24455,30278,40359,pre,18306.0
24648,32968,57088,pre,17889.0
24523,30033,49713,pre,17889.0
24778,29733,49406,pre,17889.0
24603,29869,49251,pre,17889.0
24256,28762,45299,pre,17889.0
24692,30332,44706,pre,17889.0
24834,30407,51424,pre,17817.0
24815,30565,51640,pre,17817.0
24830,30555,51606,pre,17817.0
24830,30539,51553,pre,17817.0
24850,30479,51500,pre,17817.0
24800,30525,51502,pre,17817.0
24824,30504,51500,pre,17817.0
24762,30524,51470,pre,17817.0
24553,29722,45327,pre,17817.0
24574,29158,45631,pre,17817.0
24606,29219,45754,pre,17817.0
24547,29691,45291,pre,17817.0
27640,30013,38593,pre,17666.0
24805,29780,49674,pre,17575.0
24790,29788,49588,pre,17575.0
24075,30092,45579,pre,17558.0
24604,28805,43696,pre,17558.0
24787,28542,43785,pre,17558.0
24198,30322,40644,pre,17558.0
25737,30448,39959,pre,17558.0
24421,30058,40589,pre,17558.0
24443,30042,40565,pre,17558.0
27153,29516,39111,pre,17558.0
27422,30338,38979,pre,17423.0
27397,30329,38994,pre,17423.0
27363,30316,39009,pre,17423.0
27388,30187,39117,pre,17423.0
27418,30180,39101,pre,17423.0
24719,29309,47303,pre,17394.0
24710,29318,47274,pre,17394.0
24276,30036,45409,pre,17394.0
24571,28997,46818,pre,17394.0
24590,28961,46766,pre,17394.0
24600,28933,46756,pre,17394.0
24617,28911,46787,pre,17394.0
24596,28874,46709,pre,17394.0
24350,28613,45517,pre,17394.0
24522,29141,44660,pre,17394.0
23636,29383,44682,pre,17394.0
23627,29392,44651,pre,17394.0
23601,29423,44654,pre,17394.0
24466,28913,45948,pre,17394.0
23545,29338,44479,pre,17394.0
24262,30078,45310,pre,17394.0
24326,28675,45324,pre,17394.0
24528,29302,44253,pre,17394.0
24517,29464,44180,pre,17394.0
24568,29688,44291,pre,17394.0
24782,28256,44387,pre,17394.0
24105,28091,44832,pre,17394.0
24121,28089,44807,pre,17394.0
24622,29179,43930,pre,17394.0
24647,29128,43877,pre,17394.0
24162,30393,40643,pre,17383.0
24198,30322,40644,pre,17383.0
25277,30671,40245,pre,17383.0
23738,29335,47638,pre,17359.0
24444,30619,40807,pre,17350.0
24562,30277,40180,pre,17350.0
24575,30261,40162,pre,17350.0
24766,30417,40050,pre,17350.0
24738,30394,40060,pre,17350.0
26585,30157,38942,pre,17350.0
24528,30277,40218,pre,17350.0
25564,30103,39272,pre,17350.0
25539,30112,39285,pre,17350.0
25517,30125,39294,pre,17350.0
26357,30380,39154,pre,17350.0
25342,30105,39470,pre,17350.0
25877,30050,39137,pre,17350.0
24903,37198,73133,pre,17105.0
24804,32837,56956,pre,16900.0
24905,33381,57655,pre,16900.0
24744,30186,50615,pre,16900.0
24725,30172,50576,pre,16900.0
24229,30576,51785,pre,16900.0
24234,30609,51738,pre,16900.0
24223,30588,51757,pre,16900.0
24543,30551,51370,pre,16900.0
24575,30539,51349,pre,16900.0
24519,30538,51347,pre,16900.0
24182,30279,50963,pre,16900.0
24790,29976,50170,pre,16900.0
24653,30165,50410,pre,16900.0
24624,30157,50396,pre,16900.0
24811,29955,50183,pre,16900.0
24404,28483,44923,pre,16900.0
24606,29219,45754,pre,16900.0
24602,29205,45688,pre,16900.0
24112,29940,45861,pre,16900.0
24542,30262,40197,pre,16816.0
24562,30277,40180,pre,16816.0
24594,30238,40139,pre,16816.0
24605,30262,40133,pre,16816.0
24554,30220,40171,pre,16816.0
24575,30261,40162,pre,16816.0
24574,30226,40153,pre,16816.0
23738,29335,47638,pre,16776.0
24110,39226,77911,pre,39757.0
24973,36687,74100,pre,38210.0
24225,36983,73948,pre,37477.0
24203,39219,77669,pre,37477.0
23983,38539,76550,pre,37477.0
24218,37016,74005,pre,37477.0
24318,29815,46036,pre,37405.0
24523,39959,79673,pre,36287.0
24566,28017,44293,pre,33810.0
24782,28256,44387,pre,33810.0
24980,35733,66943,pre,32317.0
24670,29416,44508,pre,32095.0
24643,29396,44508,pre,32095.0
24648,29418,44491,pre,32095.0
24352,28493,44939,pre,31823.0
23918,28378,44951,pre,31823.0
24040,28429,45437,pre,31823.0
24022,28395,45463,pre,31823.0
24029,28407,45404,pre,31823.0
24802,28010,44568,pre,31823.0
24895,28201,44314,pre,31823.0
24502,40270,80195,pre,31188.0
24905,33381,57655,pre,31148.0
24088,39211,77815,pre,30966.0
24031,39109,77689,pre,30966.0
23950,38874,77315,pre,30966.0
23915,38378,76455,pre,30966.0
24028,37976,75555,pre,30966.0
23963,36573,71069,pre,30922.0
24518,29299,44282,pre,30132.0
24528,29302,44253,pre,30132.0
24647,29388,44131,pre,30132.0
24554,29325,44147,pre,30132.0
24577,29336,44075,pre,30132.0
25245,41084,80887,pre,29738.0
24417,30049,49914,pre,27642.0
24554,30037,49844,pre,27642.0
24436,30036,49760,pre,27642.0
23993,29627,49293,pre,27642.0
24208,29926,49640,pre,27642.0
24216,29913,49609,pre,27642.0
23595,29910,44765,pre,27642.0
23648,29369,44641,pre,27502.0
23808,29188,44306,pre,27502.0
24451,29510,44129,pre,27502.0
24615,28014,44336,pre,27502.0
23900,29133,44077,pre,27502.0
23817,29166,44055,pre,27502.0
23833,29159,44034,pre,27502.0
24741,28744,43973,pre,27502.0
23956,29084,43986,pre,27502.0
24635,29182,46745,pre,26767.0
24850,35958,71367,pre,26756.0
24783,35952,71356,pre,26756.0
24551,41480,80822,pre,26756.0
24566,28017,44293,pre,26491.0
24851,28787,43755,pre,26491.0
24121,28089,44807,pre,26491.0
24477,30401,42873,pre,26381.0
24470,29933,41968,pre,26381.0
24327,29899,41366,pre,26381.0
24071,28339,45639,pre,26376.0
24056,28324,45622,pre,26376.0
24447,28036,44473,pre,26376.0
24856,28086,44343,pre,26376.0
23893,28358,45233,pre,26376.0
23825,28303,45133,pre,26376.0
25022,28151,44436,pre,26376.0
25016,28159,44466,pre,26376.0
24886,28352,44516,pre,26376.0
24943,28283,44541,pre,26376.0
24782,28256,44387,pre,26376.0
24812,28259,44358,pre,26376.0
24895,28201,44314,pre,26376.0
24841,28202,44309,pre,26376.0
24377,28993,44129,pre,26376.0
25123,28208,43913,pre,26376.0
24375,28910,44025,pre,26376.0
24339,28905,44015,pre,26376.0
24127,28910,44021,pre,26376.0
24145,28939,43944,pre,26376.0
24436,28778,46068,pre,26076.0
24425,28799,46027,pre,26076.0
24602,29114,46021,pre,26076.0
24605,29155,46003,pre,26076.0
24610,29141,45962,pre,26076.0
23591,29258,44115,pre,26076.0
24988,28118,44304,pre,26076.0
24577,28713,43931,pre,26076.0
23729,29184,44018,pre,26076.0
25405,34277,60379,pre,25786.0
24517,29464,44180,pre,25689.0
25155,28226,43831,pre,25689.0
24162,30393,40643,pre,25689.0
24198,30322,40644,pre,25689.0
27419,30280,38468,pre,25689.0
27377,30239,38456,pre,25689.0
23625,30123,44319,pre,25629.0
23607,30082,44326,pre,25629.0
24565,28325,44590,pre,25629.0
23599,30086,44284,pre,25629.0
23948,29121,44337,pre,25629.0
24444,28027,44710,pre,25629.0
24426,28009,44698,pre,25629.0
24517,28028,44659,pre,25629.0
24541,28024,44647,pre,25629.0
25167,28451,43865,pre,25629.0
23698,29090,45048,pre,25629.0
23824,28948,44993,pre,25629.0
25110,28315,43824,pre,25629.0
24068,28853,44059,pre,25629.0
23671,30061,44676,pre,25629.0
24942,28192,43733,pre,25629.0
23645,30083,44614,pre,25629.0
23645,30063,44645,pre,25629.0
23730,30197,44600,pre,25629.0
23615,29894,44774,pre,25629.0
23595,29910,44765,pre,25629.0
23607,29868,44781,pre,25629.0
24511,29550,46464,pre,25503.0
24560,29463,46186,pre,25503.0
24318,29815,46036,pre,25503.0
24334,29794,46007,pre,25503.0
24401,29746,45971,pre,25503.0
24596,29240,46086,pre,25503.0
24666,30190,44729,pre,25503.0
25165,28464,43976,pre,25215.0
25177,28413,43918,pre,25215.0
25155,28226,43831,pre,25215.0
25146,28250,43800,pre,25215.0
24404,28483,44923,pre,25080.0
24454,28169,44848,pre,25080.0
25232,34985,60758,pre,24821.0
25271,34537,60099,pre,24821.0
24540,28981,43688,pre,24436.0
24510,28983,43700,pre,24436.0
23958,28893,44018,pre,24436.0
25189,28682,43846,pre,24436.0
24622,28766,43717,pre,24436.0
24655,28886,43697,pre,24436.0
24604,28805,43696,pre,24436.0
24614,28825,46871,pre,24412.0
24071,28339,45639,pre,24412.0
24227,28101,44702,pre,24412.0
24128,28104,45058,pre,24412.0
24201,28053,44854,pre,24412.0
24100,30099,50759,pre,24246.0
24894,29954,50505,pre,24246.0
24182,30279,50963,pre,24246.0
24790,29976,50170,pre,24246.0
24810,29943,50132,pre,24246.0
24811,29955,50183,pre,24246.0
24603,29869,49251,pre,24246.0
24522,29141,44660,pre,24198.0
24544,29424,44714,pre,24198.0
24494,29190,44691,pre,24198.0
23616,29273,44268,pre,24198.0
23597,29271,44159,pre,24198.0
23922,29359,43897,pre,24198.0
23979,29238,43882,pre,24198.0
24038,29241,43834,pre,24198.0
23752,35875,65948,pre,24060.0
23761,35768,65019,pre,24060.0
24648,32968,57088,pre,24038.0
24137,30337,51641,pre,24038.0
24144,30310,51593,pre,24038.0
24087,30278,51634,pre,24038.0
24100,30099,50759,pre,24038.0
24216,29913,49609,pre,24038.0
24212,30093,50403,pre,24038.0
24781,29258,48320,pre,24038.0
24787,29645,49075,pre,24038.0
24765,29671,49072,pre,24038.0
24330,29899,49375,pre,24038.0
24144,29886,49249,pre,24038.0
24789,29360,48542,pre,24038.0
24780,29372,48496,pre,24038.0
24252,30195,45059,pre,24038.0
24350,30180,44930,pre,24038.0
24312,30254,44654,pre,24038.0
24018,28533,45592,pre,23968.0
24520,28100,44777,pre,23968.0
24545,28110,44774,pre,23968.0
24563,28097,44740,pre,23968.0
25029,28123,44449,pre,23968.0
25022,28151,44436,pre,23968.0
23899,28423,45207,pre,23968.0
24501,30548,51477,pre,23949.0
24137,30337,51641,pre,23949.0
24144,30310,51593,pre,23949.0
24543,30551,51370,pre,23949.0
24519,30538,51347,pre,23949.0
24491,30532,51335,pre,23949.0
24554,30037,49844,pre,23949.0
24459,29944,49415,pre,23949.0
24567,29709,45500,pre,23949.0
24484,29702,45634,pre,23949.0
24401,29746,45971,pre,23949.0
23816,30153,44931,pre,23949.0
24452,29683,45944,pre,23949.0
25005,28618,43902,pre,23949.0
24891,28809,43789,pre,23949.0
24655,28886,43697,pre,23949.0
24724,29030,43808,pre,23949.0
24304,28645,45334,pre,23779.0
24647,28387,44584,pre,23779.0
24326,28675,45324,pre,23779.0
24160,29292,43750,pre,23779.0
24647,29128,43877,pre,23606.0
24714,29057,43821,pre,23606.0
25185,37827,76480,pre,23284.0
25170,37894,76242,pre,23284.0
25017,37510,76039,pre,23284.0
24511,29550,46464,pre,23253.0
24559,29664,45036,pre,23253.0
24578,29568,45016,pre,23253.0
24564,29928,44820,pre,23253.0
23930,30507,42672,pre,23253.0
27246,30302,38543,pre,23253.0
24093,28793,44033,pre,23033.0
23958,28893,44018,pre,23033.0
24563,39381,78866,pre,23019.0
24614,29718,44486,pre,22856.0
24565,28325,44590,pre,22856.0
24627,29348,43920,pre,22856.0
24540,28981,43688,pre,22856.0
24622,29179,43930,pre,22856.0
24714,29057,43821,pre,22856.0
24949,28640,43730,pre,22856.0
25737,30448,39959,pre,22856.0
25277,30671,40245,pre,22856.0
27110,30116,39404,pre,22856.0
27422,30338,38979,pre,22856.0
27397,30329,38994,pre,22856.0
24647,28387,44584,pre,22805.0
24597,29143,46040,pre,22805.0
24602,29114,46021,pre,22805.0
24605,29155,46003,pre,22805.0
24616,29202,45891,pre,22805.0
24570,29621,45189,pre,22805.0
24518,29299,44282,pre,22805.0
24528,29302,44253,pre,22805.0
24557,29652,45092,pre,22805.0
24647,29388,44131,pre,22805.0
23645,30063,44645,pre,22805.0
23615,29894,44774,pre,22805.0
23595,29910,44765,pre,22805.0
23607,29868,44781,pre,22805.0
24250,30266,40926,pre,22805.0
24319,29987,40830,pre,22805.0
24224,30185,41023,pre,22805.0
24355,29951,40811,pre,22805.0
24779,30381,51259,pre,22547.0
24756,30387,51229,pre,22547.0
24182,30279,50963,pre,22547.0
24213,30282,50947,pre,22547.0
24214,30270,50885,pre,22547.0
24415,30301,50805,pre,22547.0
24367,30303,50812,pre,22547.0
24366,30289,50773,pre,22547.0
24076,30089,50792,pre,22547.0
24100,30099,50759,pre,22547.0
24494,30451,51172,pre,22547.0
24506,30435,51147,pre,22547.0
24643,30413,51107,pre,22547.0
24632,30421,51133,pre,22547.0
24666,30360,51029,pre,22547.0
24384,30388,51071,pre,22547.0
24404,30371,51023,pre,22547.0
24779,30282,51024,pre,22547.0
24758,30324,51068,pre,22547.0
24485,30218,50455,pre,22547.0
24653,30165,50410,pre,22547.0
24624,30157,50396,pre,22547.0
24576,29124,45024,pre,22353.0
24727,32461,56021,pre,22275.0
24608,32393,55870,pre,22275.0
24171,30317,51232,pre,22275.0
24444,30857,52399,pre,22275.0
24344,30324,50885,pre,22275.0
24204,30330,51194,pre,22275.0
24308,30380,51119,pre,22275.0
24221,30326,51102,pre,22275.0
24237,30314,51078,pre,22275.0
24384,30388,51071,pre,22275.0
24404,30371,51023,pre,22275.0
24215,30302,51067,pre,22275.0
24213,30282,50947,pre,22275.0
24722,29517,48313,pre,22275.0
24718,29503,48282,pre,22275.0
24655,29656,48220,pre,22275.0
24459,29944,49415,pre,22275.0
24144,29886,49249,pre,22275.0
24394,28833,45832,pre,22275.0
24485,28892,45789,pre,22275.0
27246,30302,38543,pre,22266.0
24240,33270,57668,pre,46187934218.0
24655,30270,50806,pre,40835672689.0
24681,30400,51124,pre,40835672689.0
24643,30413,51107,pre,40835672689.0
24632,30421,51133,pre,40835672689.0
24620,30361,50968,pre,40835672689.0
24740,30207,50644,pre,40421782420.0
24214,30270,50885,pre,40421748320.0
24231,30269,50859,pre,40421748320.0
24366,30289,50773,pre,40421748320.0
24076,30089,50792,pre,40421748320.0
24100,30099,50759,pre,40421748320.0
24109,30159,50969,pre,40421748320.0
24553,29722,45327,pre,35900813194.0
24182,30418,40749,pre,32218194129.0
27545,30306,38615,pre,30573511110.0
27419,30280,38468,pre,30573511110.0
24559,29737,45197,pre,227276.0
24950,30366,51458,pre,166986.0
25405,34277,60379,pre,166490.0
25481,34407,60184,pre,166490.0
23774,34279,60212,pre,166304.0
24189,29381,43512,pre,166265.0
24050,29328,43498,pre,166265.0
24602,29114,46021,pre,166096.0
24071,28369,45698,pre,164377.0
24074,28347,45666,pre,164377.0
24074,28350,45585,pre,164377.0
24865,28813,43905,pre,164377.0
24248,28116,44691,pre,163891.0
24523,30033,49713,pre,156787.0
24869,29899,40156,pre,155841.0
27305,29476,38867,pre,153540.0
24584,39574,77804,pre,152817.0
24713,32709,56460,pre,152261.0
24506,30658,51735,pre,152261.0
24524,30644,51711,pre,152261.0
24587,30633,51646,pre,152261.0
24603,30627,51612,pre,152261.0
24591,30603,51554,pre,152261.0
24564,30593,51518,pre,152261.0
24521,30571,51503,pre,152261.0
24472,30239,50539,pre,152261.0
24344,30324,50885,pre,152261.0
24415,30301,50805,pre,152261.0
24175,30314,51195,pre,152261.0
24404,30371,51023,pre,152261.0
24578,30386,50970,pre,152261.0
24620,30361,50968,pre,152261.0
24722,29517,48313,pre,152261.0
24607,29712,48537,pre,152261.0
24350,30180,44930,pre,152261.0
24598,30661,40614,pre,152261.0
24455,30672,40469,pre,152261.0
23971,30458,42091,pre,152261.0
24751,29416,48390,pre,141535.0
24743,29428,48358,pre,141535.0
24769,29255,48294,pre,141535.0
24823,29461,48972,pre,141535.0
24769,29391,48584,pre,141535.0
24765,29411,48602,pre,141535.0
24774,29391,48555,pre,141535.0
24789,29360,48542,pre,141535.0
24780,29372,48496,pre,141535.0
24763,29401,48409,pre,141535.0
24406,28031,44717,pre,102885.0
24444,28027,44710,pre,102885.0
24426,28009,44698,pre,102885.0
23473,29801,44583,pre,101549.0
23895,29097,44396,pre,101549.0
23926,29386,43896,pre,101549.0
23922,29359,43897,pre,101549.0
23950,29248,43802,pre,101549.0
24920,28461,43996,pre,101549.0
24377,28993,44129,pre,101549.0
23953,29271,43777,pre,101549.0
25090,28310,43880,pre,101549.0
23580,30074,44549,pre,101549.0
23578,30078,44522,pre,101549.0
24227,28101,44702,pre,100781.0
24482,39987,80391,pre,100184.0
24617,40576,81410,pre,100021.0
24843,40709,81617,pre,100021.0
24958,40046,80512,pre,100021.0
24923,39264,79480,pre,100021.0
25177,38031,75841,pre,100018.0
25187,38761,78628,pre,100017.0
25090,38578,78244,pre,100015.0
25215,41484,81792,pre,100014.0
25159,41039,81128,pre,100014.0
25197,40314,80150,pre,100014.0
25261,39427,78918,pre,100014.0
25173,38677,78002,pre,100014.0
25045,37584,74430,pre,100013.0
24945,37022,73951,pre,100012.0
24874,36381,73208,pre,100012.0
24699,35928,71910,pre,100012.0
25052,37489,74706,pre,100012.0
24655,29656,48220,pre,85190.0
24436,28778,46068,pre,77360.0
24425,28799,46027,pre,77360.0
24894,29954,50505,pre,72474.0
24749,29489,48598,pre,72474.0
24781,29258,48320,pre,72474.0
24783,29223,48305,pre,72474.0
24771,29212,48273,pre,72474.0
23714,36085,70671,pre,53197.0
24815,38506,78527,pre,46907.0
24712,30215,50614,pre,46787.0
24692,30227,50594,pre,46787.0
24744,30186,50615,pre,46787.0
24725,30172,50576,pre,46787.0
24858,30310,51215,pre,46787.0
24837,30315,51185,pre,46787.0
24809,30316,51148,pre,46787.0
24866,30279,51133,pre,46787.0
24840,30295,51123,pre,46787.0
24670,29416,44508,pre,46787.0
24643,29396,44508,pre,46787.0
24648,29418,44491,pre,46787.0
23751,29952,43431,pre,43758.0
24762,40082,80692,pre,43320.0
23690,36075,70498,pre,42200.0
24252,30195,45059,pre,42164.0
24350,30180,44930,pre,42164.0
24000,30252,44954,pre,42164.0
24005,30262,44919,pre,42164.0
24568,29688,44291,pre,42164.0
24927,28320,44540,pre,42164.0
24824,28283,44382,pre,42164.0
24860,28415,44029,pre,42164.0
24961,28342,44005,pre,42164.0
23980,28694,43984,pre,42164.0
24887,28451,44050,pre,42164.0
24703,30180,44719,pre,42164.0
24579,29917,44673,pre,42164.0
24562,29880,44682,pre,42164.0
24567,29709,45500,pre,41708.0
24444,30857,52399,pre,41705.0
24265,39498,78478,pre,40850.0
24557,29564,44678,pre,40100.0
24544,29424,44714,pre,40100.0
25189,28682,43846,pre,40100.0
23473,29801,44583,pre,40029.0
23456,29856,44503,pre,40029.0
24606,29723,44376,pre,40029.0
23576,29349,44478,pre,40029.0
23545,29338,44479,pre,40029.0
23521,29487,44462,pre,40029.0
24568,29605,44337,pre,40029.0
24568,29688,44291,pre,40029.0
24911,28486,44002,pre,40029.0
24920,28461,43996,pre,40029.0
24741,28744,43973,pre,40029.0
24865,28813,43905,pre,40029.0
24688,28685,43950,pre,40029.0
24312,30254,44654,pre,40029.0
24647,29128,43877,pre,40029.0
24714,29057,43821,pre,40029.0
24730,29040,43835,pre,40029.0
24724,29030,43808,pre,40029.0
23579,29753,44672,pre,40029.0
