x,y,z,type
14246,26540,40181,post
14315,26367,40069,post
14281,26303,40127,post
14317,26367,40066,post
12797,28900,32861,post
12835,28884,32844,post
12799,28904,32830,post
21279,30177,40403,post
21292,30165,40390,post
12433,28945,40385,post
12413,28216,40419,post
12362,28311,40287,post
12264,28325,40282,post
12378,28214,40281,post
12457,28134,40465,post
20600,29616,39607,post
20571,29583,39600,post
20548,29577,39614,post
20537,29567,39615,post
12469,29320,28925,post
12446,29305,28902,post
12485,29365,29003,post
19648,28440,39718,post
19675,28420,39693,post
19633,28426,39692,post
19579,28423,39687,post
19399,28323,39673,post
19415,28306,39642,post
19391,28265,39650,post
19032,28111,39673,post
19000,28105,39660,post
18960,28094,39655,post
18890,28108,39680,post
18926,28092,39652,post
14754,25730,40148,post
14748,25647,40189,post
14786,25713,40158,post
12367,25421,39739,post
12140,25482,39663,post
13254,26669,42892,post
13194,26602,42512,post
13217,26642,42495,post
13214,26295,42345,post
13215,26293,42349,post
12777,27785,41097,post
12815,27779,41140,post
12678,27621,41082,post
13004,29038,41499,post
20297,29317,39426,post
20270,29298,39407,post
20259,29288,39393,post
18753,28181,39246,post
18805,28165,39220,post
18475,28006,39407,post
18628,28093,39352,post
18623,28088,39336,post
18940,28181,39076,post
18917,28159,39113,post
18869,28134,39147,post
18883,28139,39104,post
12404,30957,27872,post
12409,30868,27883,post
14643,26851,39813,post
11883,28940,37021,post
12442,29363,29817,post
12459,29332,29840,post
12462,29349,29813,post
23357,29364,43430,post
12603,28017,35326,post
12657,27921,35692,post
12626,28012,35480,post
12625,28016,35466,post
12595,27996,35398,post
12230,25459,39776,post
12296,25413,39763,post
13822,28183,33524,post
13577,28298,33408,post
13617,28224,33359,post
13018,27190,41749,post
13094,27055,41894,post
13179,26899,42059,post
14287,26557,40071,post
14285,26524,40118,post
12231,25746,39910,post
11321,28691,37632,post
18132,27781,39399,post
18136,27803,39393,post
18092,27763,39411,post
18562,27702,39319,post
18629,27719,39178,post
12371,25425,39723,post
14650,26881,39798,post
14602,26745,39804,post
14618,26806,39822,post
15552,26522,39877,post
15608,26525,39833,post
15579,26493,39828,post
15526,26484,39850,post
12369,25217,39669,post
11218,28318,37847,post
11221,28248,37838,post
11285,28613,37717,post
14372,28572,27694,post
12389,28592,35469,post
12617,28868,33729,post
12786,28894,33291,post
12710,29211,33358,post
13825,28109,33360,post
13815,28155,33337,post
13698,28188,33398,post
13705,28201,33354,post
13691,28195,33366,post
14163,29548,26299,post
14545,30100,25810,post
14539,30063,25837,post
19932,29108,39828,post
19870,29127,39766,post
19865,29108,39752,post
20093,29413,39961,post
20051,29378,39897,post
20036,29361,39876,post
19860,29290,39751,post
19843,29294,39783,post
20205,29147,40470,post
20198,29185,40459,post
20290,29221,40523,post
20063,28419,39532,post
20135,28446,39535,post
20095,28430,39530,post
20127,28434,39461,post
20030,28408,39539,post
20085,28418,39461,post
20050,28399,39452,post
20591,28538,38579,post
20607,28526,38553,post
12027,28776,36900,post
14618,26808,39825,post
12231,30019,29030,post
12515,30305,28405,post
12428,29146,30310,post
12461,28880,29226,post
20092,29212,40248,post
18974,27856,39111,post
13081,27082,41665,post
12824,29177,41031,post
12452,27869,40774,post
12455,27870,40775,post
12258,28629,40440,post
12086,28591,40240,post
11957,29258,39798,post
11997,29316,39715,post
12131,29204,39958,post
12387,28448,40534,post
12378,28437,40554,post
12266,28647,40450,post
12120,29186,39969,post
12122,29188,39971,post
11263,28770,37604,post
12453,29979,40342,post
12061,29301,39049,post
12234,29433,37920,post
11186,28583,37891,post
11216,28219,38102,post
11215,28223,38097,post
11222,28214,38099,post
11180,28619,37884,post
11176,28601,37881,post
22950,28649,43806,post
20341,28760,39929,post
12572,28976,40795,post
12401,29025,40482,post
12373,28986,40459,post
12757,27446,41285,post
19082,28350,39201,post
19329,28700,39142,post
19295,28680,39167,post
12353,25547,39884,post
12369,25547,39901,post
19992,28589,38696,post
10916,28660,37863,post
11286,28608,37742,post
14261,27965,33585,post
12633,29160,33389,post
12678,28895,32398,post
12654,28891,32319,post
13632,28394,29231,post
13416,28378,29487,post
13997,28541,28303,post
13982,28566,28243,post
14291,28607,27977,post
13772,28292,29302,post
13749,28335,29280,post
13819,28482,28629,post
13768,29042,27688,post
13734,28946,27678,post
13839,28388,28739,post
13748,28994,27641,post
13801,29064,27576,post
13860,29093,27422,post
13850,29104,27431,post
13798,28247,29376,post
12359,28324,40241,post
12145,29242,40163,post
12514,29383,29737,post
12515,29409,29708,post
12466,29270,29736,post
11962,25980,31071,post
11968,25952,31052,post
11971,25962,31048,post
12151,28438,40235,post
14238,26513,40120,post
12137,29374,39701,post
12061,29337,39700,post
14242,26531,40091,post
12643,28999,40669,post
12567,27625,40312,post
12487,27489,40194,post
15609,27086,40002,post
15596,27057,39998,post
15562,27024,39994,post
15518,27020,39996,post
12518,27612,40160,post
11586,28757,37365,post
11274,28870,37694,post
14124,28196,34368,post
14041,28117,34022,post
14010,28108,34002,post
14114,28213,34302,post
14095,28163,34081,post
14294,28004,33774,post
14184,27992,33666,post
12537,28958,31235,post
12540,28893,31332,post
12991,28667,30237,post
12933,28748,30209,post
12926,28739,30068,post
12450,29103,29471,post
13054,28454,29449,post
13109,28788,28627,post
12399,29038,28786,post
13142,28624,28746,post
13145,28586,28766,post
13111,28466,28788,post
13093,28570,28710,post
12376,29268,28900,post
12380,29260,28918,post
12364,29196,28824,post
13022,28867,28733,post
13038,28498,29367,post
13013,28508,29330,post
13098,28246,28805,post
12359,29666,29218,post
14301,28605,27972,post
14473,28677,27571,post
22904,30394,40506,post
12185,30546,28316,post
24262,30735,41192,post
24206,30734,41189,post
24227,30730,41202,post
12745,28496,29906,post
13111,27683,29816,post
12617,28842,30066,post
12570,28816,30085,post
12755,28767,30091,post
12799,28763,30023,post
12752,28794,29954,post
13285,28785,28316,post
12414,29230,28796,post
12554,28241,40805,post
12294,28738,40203,post
12113,28489,40289,post
12164,28472,40234,post
12141,28457,40251,post
12153,28461,40231,post
12153,28444,40221,post
11975,29340,39697,post
12076,28690,39868,post
12236,25873,39991,post
12081,26025,39973,post
12805,29197,40936,post
12796,29232,40900,post
12234,25871,39989,post
11282,28832,37496,post
12091,26070,39888,post
11939,26017,39879,post
11900,26108,39854,post
11904,26016,39830,post
12527,28048,40689,post
11316,27772,38308,post
11279,27735,38266,post
11276,27740,38259,post
12521,28168,40702,post
12376,28428,40547,post
12148,29526,38045,post
11209,28189,38147,post
11064,28742,37709,post
11206,28207,38142,post
12652,29005,35250,post
12659,29000,35226,post
12663,28974,35186,post
12661,28969,35176,post
12042,30399,28916,post
14821,28071,34173,post
14824,28048,34172,post
23034,28828,43730,post
13031,27144,41726,post
13073,27032,41895,post
13001,27056,41867,post
13042,26993,41888,post
13218,26702,42413,post
13192,26603,42314,post
12596,28100,40784,post
12554,28222,40751,post
14124,28153,34171,post
13191,26709,42245,post
13198,26935,42138,post
13195,26907,42172,post
12609,28953,41014,post
12662,28857,41098,post
12611,28938,40988,post
12137,29164,40274,post
12858,28893,41394,post
12941,28816,41414,post
12551,27492,40021,post
12556,28951,40884,post
11846,28853,39945,post
12328,28987,40641,post
12324,29151,40555,post
19807,29138,39605,post
19792,29068,39578,post
19783,29092,39551,post
19795,29092,39619,post
19553,28850,39555,post
19818,29043,39723,post
19787,29010,39722,post
19808,29031,39715,post
19770,29000,39708,post
19815,28959,39230,post
19778,28946,39218,post
19841,28960,39201,post
12007,29182,40055,post
11973,29087,40144,post
11955,29072,40169,post
12558,28931,40911,post
12558,28930,40915,post
19474,28752,39189,post
19166,28338,38604,post
19170,28347,38581,post
19129,28312,38574,post
19480,28444,39063,post
19418,28416,39087,post
19439,28445,39078,post
19378,28448,39097,post
19392,28465,39085,post
19322,28467,39124,post
11253,27831,38220,post
20156,28939,39120,post
20116,28926,39124,post
20035,28944,39139,post
20079,28930,39122,post
20048,28981,39165,post
19649,28341,39107,post
19658,28361,39082,post
11990,28718,40042,post
11972,28710,40068,post
21121,29773,39653,post
21171,29748,39653,post
21089,29763,39646,post
20861,29717,39566,post
20845,29717,39562,post
11215,27961,38177,post
11219,27923,38187,post
11956,29424,38879,post
11958,29416,38838,post
12540,27561,40139,post
21139,29781,39691,post
21151,29784,39702,post
11811,29259,39934,post
11825,29291,39887,post
20823,29700,39577,post
20402,29331,39311,post
20355,29329,39309,post
20475,29288,39256,post
20477,29290,39258,post
20496,29316,39244,post
20493,29289,39244,post
19190,28353,38281,post
19184,28349,38273,post
19886,28628,38794,post
19169,28343,38264,post
12144,29438,38270,post
12139,29434,38281,post
12283,29333,38244,post
10791,28791,38048,post
11162,28056,38092,post
12573,28805,35158,post
12304,28570,35745,post
12405,28720,35408,post
12422,28717,35364,post
13954,28139,33454,post
12912,28687,32187,post
13484,28396,33280,post
13445,28411,33240,post
13929,28163,33455,post
13782,28226,33450,post
13761,28212,33399,post
13832,28169,33387,post
13841,28147,33359,post
13796,28175,33345,post
13568,28345,33345,post
13553,28389,33346,post
13726,28217,33295,post
13481,28421,33279,post
13445,28415,33240,post
12808,28949,31509,post
12915,28682,32389,post
12830,28960,31046,post
12824,28975,30997,post
12794,28971,31034,post
12802,28987,31459,post
12794,28950,31458,post
12800,28974,31429,post
12825,28924,31764,post
12820,28919,31751,post
12830,28878,31730,post
13428,28407,29266,post
12927,28828,30177,post
12920,28831,30185,post
12825,28759,30060,post
12804,28762,30075,post
12796,28771,30027,post
13030,28599,29655,post
13115,28474,29455,post
13401,28422,29359,post
13414,28418,29314,post
12327,30580,28064,post
12353,30619,28042,post
12341,30602,28039,post
12378,30721,27977,post
12351,30649,28001,post
12355,30648,28198,post
12477,30771,27453,post
12478,30780,27435,post
12461,30813,27193,post
12444,30786,27168,post
12472,30750,27174,post
12700,28621,31299,post
12577,28952,30942,post
20414,29434,39269,post
20323,29436,39262,post
12489,28970,40280,post
14320,27885,33904,post
12282,29318,30000,post
12564,28470,29915,post
12591,28457,29887,post
12716,29004,41210,post
12924,29215,41339,post
13227,26393,42356,post
13200,26493,42278,post
12924,29209,41344,post
12647,28040,40925,post
12582,27982,40899,post
12554,28075,40842,post
12674,28965,41228,post
12473,28040,40715,post
12488,28021,40736,post
12546,27877,40913,post
11979,29078,40212,post
11947,29064,40219,post
12072,28736,40359,post
12048,28740,40334,post
12069,28720,40355,post
13234,26244,42383,post
13205,26350,42326,post
12817,28924,41375,post
12676,27835,41069,post
11574,29302,39547,post
19764,29157,39475,post
19738,29121,39449,post
11931,29025,39902,post
11933,28981,39911,post
11883,29087,39846,post
19557,28833,39315,post
19519,28816,39315,post
19238,28162,39676,post
19254,28174,39675,post
11956,28957,40021,post
11944,28983,39994,post
11927,29004,39961,post
11403,28896,37575,post
11945,28972,39960,post
19783,28922,39152,post
19786,28882,39136,post
11438,28915,37497,post
12139,29210,38412,post
19071,28261,38642,post
20176,28516,38984,post
19946,28473,38945,post
19956,28485,38918,post
19928,29067,39045,post
19904,29089,39020,post
11969,28860,40082,post
11976,28912,40080,post
11996,28854,40125,post
12023,29208,38704,post
11989,29207,38794,post
19108,28301,38389,post
12260,29300,38099,post
20364,28624,38865,post
20373,28589,38829,post
20367,28556,38786,post
12263,29299,38097,post
12140,29211,38373,post
12140,29247,38298,post
19085,28295,38697,post
19085,28256,38711,post
12150,29247,38264,post
10949,28763,37830,post
11358,29064,37441,post
12481,29075,37035,post
11750,29059,37063,post
11418,29062,37400,post
10924,28666,37856,post
11604,28987,37283,post
11722,28956,37123,post
12284,28593,36065,post
12273,28611,36036,post
12002,28885,36761,post
14117,28170,33918,post
14243,28091,33825,post
14231,28096,33807,post
14258,28066,33795,post
12863,28814,32993,post
14249,28037,33718,post
14240,28033,33698,post
14266,27999,33715,post
12821,28958,31703,post
12847,28971,31675,post
12805,29030,31487,post
12817,28861,31974,post
14143,28162,33943,post
12624,28944,30414,post
12642,28930,30338,post
12764,29033,30820,post
12624,28920,30420,post
12640,28904,30374,post
12633,28891,30344,post
12674,28911,29876,post
12439,29401,29690,post
12590,28876,30207,post
12604,28912,30173,post
12600,28904,30180,post
12763,28771,30187,post
12564,28900,30047,post
12545,28859,30020,post
12543,28900,30006,post
12970,28683,29521,post
12505,29540,29623,post
12388,30267,28747,post
12226,30322,28602,post
14072,28616,28181,post
13318,28811,28234,post
13315,28817,28264,post
13088,28692,28570,post
13100,28715,28570,post
13069,28706,28538,post
13115,28794,28523,post
13300,28874,28427,post
13250,28898,28458,post
13026,28812,28773,post
13123,28690,28784,post
13088,28793,29011,post
12986,28659,29359,post
12980,28649,29235,post
13831,29147,27168,post
13798,29150,27165,post
12224,30419,28398,post
12216,30438,28370,post
13966,28653,28126,post
13952,28658,28114,post
14165,28582,28061,post
13657,28805,28011,post
13651,28802,28031,post
13332,28890,27951,post
13770,29254,27399,post
12444,30781,27360,post
12498,30943,27254,post
12281,30779,27203,post
20170,29159,40507,post
20261,29224,40523,post
20170,29161,40505,post
13320,26190,43376,post
13103,27110,41783,post
12665,28958,41093,post
12644,29022,41079,post
12679,28937,41064,post
12670,28870,41098,post
12674,28863,41098,post
12482,28047,40759,post
12581,27779,40945,post
12562,28280,40918,post
14307,25500,40486,post
12048,28689,40260,post
12238,28481,40210,post
12307,28408,40277,post
12620,27653,41054,post
12456,28069,40436,post
12449,28085,40432,post
12122,29188,40147,post
11997,26006,39947,post
12102,29190,39993,post
12097,29203,39989,post
12282,29351,40461,post
12307,28600,40495,post
12452,28481,40537,post
12464,28486,40551,post
14623,25560,40164,post
14645,25591,40163,post
14607,25542,40145,post
14594,25534,40161,post
12080,25826,39899,post
11437,28782,37525,post
14344,25331,40364,post
14370,25474,40429,post
14374,25454,40397,post
11989,26013,39928,post
11956,26014,39868,post
14399,25453,40362,post
14361,25462,40303,post
14394,25473,40289,post
14628,25588,40226,post
14527,25401,40213,post
12382,28109,40539,post
12342,28020,40504,post
12321,28007,40495,post
11862,28867,39941,post
11890,26196,39906,post
12256,29402,40376,post
11896,26133,39848,post
12122,29570,38114,post
12120,29568,38112,post
12035,29237,39957,post
12167,29772,37897,post
12138,29706,37921,post
11560,28787,37373,post
11562,28794,37367,post
12019,29227,39143,post
12144,29689,37864,post
12252,29475,37677,post
12250,29473,37675,post
12224,29467,37621,post
12569,28697,35209,post
12642,28686,35089,post
11148,28681,37722,post
11195,28584,37765,post
12335,28565,35853,post
12582,28807,34558,post
12237,28735,36592,post
12630,28857,33749,post
12667,28937,33591,post
14126,28083,33642,post
14101,28015,33593,post
14039,28042,33573,post
12514,29118,30263,post
12553,29014,30843,post
12565,28981,30746,post
12574,28958,30774,post
12486,29196,29976,post
12492,29237,29940,post
12489,29240,29946,post
12499,29239,29909,post
12511,29192,29903,post
12558,29256,29507,post
12625,28939,30583,post
12638,28923,30552,post
12293,30144,28602,post
12411,30743,27870,post
12412,29108,28785,post
12309,30986,26919,post
12331,30959,26936,post
12355,30822,27468,post
21278,30159,40556,post
21278,30193,40547,post
21252,30137,40550,post
21233,30150,40454,post
21202,30173,40399,post
21220,30167,40419,post
21189,30168,40392,post
21190,30113,40423,post
13379,26270,43332,post
13397,26354,43175,post
12400,29431,29387,post
12216,29984,28909,post
12196,30011,28943,post
12393,30978,27867,post
12361,31074,27727,post
12220,29822,29016,post
12327,29511,29401,post
12267,29620,29265,post
12251,29614,29264,post
12267,30728,28143,post
12310,30901,28015,post
12298,30872,28029,post
12276,30712,27990,post
12210,30599,28148,post
12257,30665,28015,post
12416,31436,27510,post
12395,31369,27520,post
12597,31693,27324,post
12632,31644,27311,post
12973,31792,26911,post
13080,27772,29710,post
12375,28963,28809,post
12284,28658,36325,post
12229,28899,36683,post
12234,28865,36653,post
12247,28248,36676,post
12530,28731,35018,post
12535,28718,35035,post
12322,30788,27514,post
13360,26158,43376,post
18081,27682,39554,post
13959,28455,28548,post
11988,25912,30974,post
11966,25906,30966,post
11973,25927,30949,post
11968,25888,30977,post
11823,27393,30390,post
11811,27402,30387,post
11814,27408,30385,post
11815,27409,30385,post
23397,30457,41757,post
12608,28490,29905,post
12803,28624,29807,post
13172,28461,30000,post
13120,28281,28784,post
12769,29090,40958,post
12720,29071,40935,post
19013,28322,39182,post
11766,29505,39517,post
11790,29484,39506,post
11263,28591,37814,post
11274,28585,37732,post
11458,29015,37366,post
13008,28208,29609,post
12863,28712,29800,post
12887,28713,29811,post
12233,29821,28560,post
12292,29765,28505,post
12646,29125,28641,post
12663,29104,28593,post
12525,29109,29433,post
12582,31274,27435,post
12569,31244,27433,post
12542,31198,27429,post
12299,30304,28297,post
13063,28431,29661,post
14942,26582,40067,post
17850,27871,39855,post
14743,25673,40164,post
14773,25733,40132,post
14705,25644,40166,post
17916,27886,39842,post
11225,28212,37981,post
11263,28230,37928,post
12555,27301,40079,post
12351,26647,39901,post
12349,26440,39905,post
12340,26392,39904,post
12761,28938,32513,post
13184,28876,28576,post
12546,31499,27296,post
12518,31406,27244,post
12736,31659,26953,post
13558,28386,29290,post
14015,28660,28206,post
13746,29354,27219,post
13967,28717,28108,post
12979,28727,41315,post
20063,29218,39783,post
19966,29187,39482,post
19853,29187,39656,post
20521,29572,40034,post
20367,29466,40059,post
20420,29473,40038,post
19751,29138,39448,post
20028,29181,39761,post
20410,29472,40001,post
19936,29135,39683,post
19969,29158,39695,post
19689,28914,39248,post
19608,28870,39264,post
19638,28888,39271,post
19606,28868,39262,post
19762,28943,39286,post
19777,28960,39263,post
19710,28929,39278,post
20552,29627,39875,post
20520,29598,39835,post
20077,29225,39820,post
20025,29185,39876,post
11209,28249,37945,post
12551,27956,35465,post
12566,27967,35410,post
12951,28491,33131,post
12791,29017,31226,post
13020,28411,29942,post
13049,28395,29785,post
12395,28959,28838,post
12537,31208,27527,post
12373,30829,27272,post
12374,30834,27268,post
12473,30770,27245,post
12608,31321,27300,post
12656,31471,27240,post
12687,31523,27114,post
12121,30185,28869,post
12209,30015,28756,post
13373,28755,28180,post
13707,28573,28844,post
13429,28864,27816,post
13663,28799,27822,post
13416,28814,27738,post
13606,28636,29010,post
13665,28549,29001,post
13528,29034,27261,post
13496,29032,27269,post
13710,29328,26775,post
13717,29332,26763,post
14061,29618,26238,post
13650,29473,26211,post
13900,28620,28093,post
13915,28650,28102,post
13523,28714,28124,post
13390,28835,28065,post
13573,28763,28052,post
13470,28695,28104,post
13612,28751,27964,post
13679,28998,27515,post
13549,28959,27462,post
13959,29583,26061,post
12410,26750,39911,post
13061,31690,26571,post
12547,27795,40396,post
20480,29541,39987,post
18506,28107,39548,post
19023,28335,39159,post
12719,29026,32181,post
12729,29016,32139,post
12823,28909,32516,post
13693,28345,29232,post
14637,30128,25684,post
12367,31122,27567,post
18315,27658,39367,post
19897,29076,39003,post
20322,29435,39262,post
13573,28534,29160,post
13564,28507,29154,post
13660,28419,29179,post
13654,28434,29155,post
13664,28411,29127,post
13097,28452,29399,post
13369,26382,42912,post
13345,26429,42873,post
13337,26450,42874,post
13345,26546,42794,post
20229,29492,40475,post
12439,28951,40373,post
12543,27321,40048,post
19562,28850,39511,post
19220,28497,39378,post
19170,28454,39421,post
19194,28466,39394,post
19167,28441,39403,post
19299,28585,39325,post
19308,28603,39284,post
19328,28634,39258,post
12497,28448,40528,post
12536,27539,39895,post
12470,27224,39926,post
12458,27162,39916,post
12437,27365,39865,post
19324,28705,39167,post
19292,28709,39153,post
19184,28341,38595,post
12515,28410,40562,post
11922,26120,39910,post
12526,29044,36939,post
14543,28042,34098,post
14570,28044,34102,post
12986,28709,29235,post
13005,28737,29222,post
12396,29238,28821,post
13149,28079,28826,post
14026,29341,26854,post
14554,30088,25744,post
14577,30049,25766,post
14601,30109,25686,post
13686,28576,28812,post
13735,28464,28770,post
13666,28962,27789,post
13705,28942,27664,post
13668,28872,27856,post
13504,28765,27884,post
13569,28817,27824,post
13610,28845,27764,post
13391,28770,27801,post
13384,28688,27771,post
13652,28889,27665,post
13640,28871,27704,post
14077,29759,26176,post
13982,29638,26128,post
13582,28776,28084,post
13414,28756,27980,post
13511,28792,27964,post
13371,28796,27968,post
13730,28951,27478,post
13622,28983,27418,post
13774,29572,26404,post
13764,29558,26406,post
14043,29630,26053,post
13994,29637,25973,post
13967,29634,25958,post
24075,30654,41382,post
23629,30670,41823,post
11970,29087,39224,post
11952,29052,39228,post
20215,28887,39069,post
20223,28571,39009,post
12577,27654,40358,post
12584,27589,40341,post
12580,27561,40264,post
19895,29287,39740,post
19832,28925,39867,post
19797,28863,39858,post
21587,30244,40896,post
21572,30234,40869,post
21532,30244,40824,post
21523,30247,40808,post
19993,29344,39503,post
19984,29331,39482,post
21450,30205,40752,post
21555,30188,40883,post
21010,29883,40489,post
20993,29874,40472,post
20966,29856,40453,post
21473,30183,40790,post
21430,30134,40771,post
20546,29321,40177,post
19858,28994,39844,post
19782,28948,39807,post
20504,29348,40175,post
19794,28969,39790,post
19758,28934,39782,post
19750,28929,39774,post
20378,29219,40130,post
19610,28855,39448,post
20323,28564,39517,post
19948,29100,39379,post
20239,28506,39463,post
20203,28467,39463,post
18681,28104,39671,post
18700,28132,39668,post
19895,29011,39275,post
18090,27933,39569,post
19931,29015,39217,post
19900,28996,39225,post
18124,27906,39548,post
19540,28305,39412,post
19272,28313,39290,post
19219,28314,39353,post
19237,28316,39354,post
19370,28231,39589,post
19251,28312,39285,post
19211,28306,39280,post
19205,28323,39523,post
19113,28286,39212,post
19074,28315,39230,post
19098,28317,39242,post
19027,28307,39214,post
19026,28214,39185,post
19243,28349,39462,post
19204,28307,39431,post
19219,28322,39431,post
19164,28285,39474,post
18750,28069,39299,post
18671,28053,39304,post
18688,27998,39357,post
18644,28037,39318,post
18605,28016,39339,post
18578,28004,39309,post
20191,29110,40159,post
20177,29099,40132,post
18652,28046,39282,post
18589,28006,39274,post
20254,29178,40104,post
20223,29167,40104,post
20251,29112,40079,post
20212,29098,40049,post
20308,29023,40048,post
20291,29006,40035,post
20265,29016,40030,post
20240,29031,40021,post
20099,29040,40015,post
20059,29015,39994,post
20234,29004,40021,post
20094,28988,40003,post
20052,28964,39992,post
20034,28981,39979,post
19984,28950,39960,post
18438,27890,39396,post
18524,27831,39384,post
18356,27820,39406,post
18330,27832,39388,post
20274,28805,39032,post
18570,27821,39346,post
20297,28779,39018,post
20242,28649,38987,post
20218,28594,38995,post
20196,28581,38996,post
20273,28667,38972,post
20179,28555,38985,post
20172,28509,38976,post
20139,28520,38923,post
20147,28481,38929,post
20590,29216,39097,post
20759,29630,40348,post
20729,29603,40340,post
20635,29515,40283,post
20602,29535,40272,post
19555,28386,39066,post
19505,28409,39056,post
20584,29494,40265,post
20594,29480,40259,post
19943,28915,39936,post
20713,29408,40237,post
20550,29442,40240,post
20562,29411,40216,post
20469,29381,40198,post
20900,29755,40434,post
20023,29354,39837,post
19992,29337,39824,post
19946,29309,39833,post
20016,29481,39524,post
19993,29462,39536,post
19852,29276,39694,post
20564,29208,39075,post
19891,29297,39752,post
20180,28832,39058,post
20216,28842,39053,post
13262,26563,42736,post
11773,29274,39517,post
11991,28969,39973,post
11779,29079,37096,post
11777,29039,37108,post
11735,29088,37080,post
11769,29029,37095,post
12332,28536,35941,post
12647,28782,34659,post
14672,28248,34062,post
14706,28269,34066,post
24151,30596,41348,post
13161,29628,41333,post
13156,29632,41326,post
12151,28721,40336,post
12077,28723,40353,post
12060,28708,40330,post
12228,28497,40411,post
12219,28474,40422,post
12165,28575,40321,post
12159,28575,40319,post
12205,28525,40365,post
12101,28572,40305,post
12213,28433,40301,post
12512,29057,40833,post
12228,28365,40307,post
12077,28691,39867,post
11971,28722,40048,post
12365,28357,36355,post
12480,28273,35145,post
12108,28733,36722,post
12146,28689,36635,post
12681,27883,35996,post
12164,28681,36607,post
12571,28370,34703,post
12165,28679,36608,post
12346,28540,35720,post
12662,27897,35832,post
12498,28296,35035,post
18584,27764,39283,post
12031,28792,40101,post
18630,27736,39178,post
13543,28398,33387,post
13408,26451,43077,post
13342,26426,42973,post
22772,30288,40594,post
24286,30736,41186,post
11958,26506,30640,post
13120,28665,41489,post
12791,27768,41134,post
12786,27775,41126,post
12627,28973,40689,post
11922,29040,39921,post
11295,28036,38044,post
12633,29174,33387,post
11832,25991,39733,post
12811,28924,29924,post
23153,30337,42143,post
21124,30017,40526,post
21087,29994,40504,post
20507,29240,40159,post
20462,29239,40150,post
20417,28631,38844,post
20423,28590,38816,post
20438,29532,40161,post
20455,29555,40148,post
20419,29496,40175,post
19778,29228,39447,post
19739,29004,39598,post
19840,29077,39710,post
19529,28817,39246,post
19512,28802,39243,post
19554,28835,39231,post
19510,28794,39218,post
20067,29391,40026,post
20083,29399,40021,post
20079,29409,40010,post
18814,28123,39714,post
19773,28261,39485,post
18563,27672,39409,post
18538,27685,39401,post
20538,29537,40273,post
19845,28610,38898,post
19864,28627,38880,post
11921,26004,39842,post
11267,28622,37750,post
20089,29170,40322,post
20097,29209,40255,post
13431,26478,43110,post
13293,26198,43377,post
12778,28949,31173,post
12787,28961,31086,post
12695,28923,31181,post
12778,29051,31237,post
12901,28737,30468,post
12798,28764,30388,post
13003,28567,30213,post
12987,28557,30248,post
12539,28888,29954,post
12642,28733,29929,post
12250,28391,30367,post
12288,28423,30350,post
12921,28819,30200,post
12917,28817,30201,post
12903,28794,30192,post
12471,28862,30028,post
12601,28813,30064,post
12572,28829,30052,post
12587,28777,30072,post
13059,28005,29612,post
13015,28132,29573,post
13062,27921,29566,post
12817,28753,30469,post
13007,28161,29573,post
13049,28268,29537,post
13096,28385,29442,post
13101,27815,29613,post
13117,28799,28617,post
13123,28753,28593,post
13076,28499,28737,post
13106,28542,28708,post
12429,29087,29837,post
13029,28856,28776,post
13095,28164,28783,post
14326,28383,27902,post
13115,28374,28747,post
13110,28151,28763,post
14326,28554,27977,post
14291,28567,27982,post
14328,28556,27979,post
22277,30515,40936,post
23122,30404,42081,post
22635,30275,40607,post
23655,30579,41658,post
23237,30543,41859,post
23612,30544,41799,post
23208,30563,41853,post
23182,30573,41851,post
23372,30464,41790,post
23307,30507,41841,post
23280,30509,41843,post
20559,29608,40036,post
22780,30248,40443,post
22809,30267,40445,post
21104,30083,40376,post
21102,30052,40405,post
20590,28527,38508,post
12545,28169,35127,post
12542,28149,35237,post
12660,28526,34617,post
12814,28654,34014,post
12798,28669,34039,post
14493,28011,34043,post
14478,27996,34025,post
14352,28012,33858,post
14393,27999,33901,post
14367,28009,33872,post
12677,28545,34556,post
12677,28570,34522,post
12677,28550,34552,post
12559,28078,35342,post
12690,28503,34479,post
12802,28584,34313,post
12801,28576,34312,post
12583,28270,34903,post
12778,28828,32939,post
12750,28791,32831,post
12769,28810,32802,post
12732,28633,34185,post
12731,28607,34178,post
14059,28114,33565,post
14108,28059,33581,post
14117,28027,33581,post
12816,28632,33593,post
12690,28919,33470,post
12694,28900,33469,post
12688,28814,33441,post
12852,28732,33372,post
12842,28701,33366,post
12746,28840,33332,post
12912,28782,33327,post
12913,28787,33292,post
14635,28073,34080,post
14626,28071,34082,post
12859,28597,33352,post
12745,28885,33245,post
12760,28866,33221,post
12966,28684,33227,post
12926,28678,33240,post
14003,28095,33525,post
14023,28062,33538,post
12701,28832,32240,post
12969,28660,33227,post
12957,28665,33227,post
12878,28631,33089,post
12729,28766,32382,post
12723,28774,32347,post
12659,28753,31214,post
12724,28727,31206,post
12721,28811,31475,post
12641,28799,31344,post
12706,28688,30382,post
12836,28707,30249,post
12808,28727,30248,post
12782,28753,30232,post
12719,28777,31624,post
12828,28637,30370,post
12802,28621,30391,post
12690,28850,31612,post
12670,28875,31552,post
12676,28871,31522,post
12870,28609,30232,post
13217,28442,29896,post
13031,28489,29915,post
13099,28448,29883,post
13262,28432,29829,post
13239,28440,29820,post
12524,28948,29967,post
12470,29392,29275,post
12467,29359,29254,post
12487,29261,29261,post
12472,29362,29223,post
12472,29329,29233,post
12501,29236,29245,post
13195,28334,29890,post
13191,28343,29892,post
13169,28377,29875,post
13168,28378,29874,post
12889,28626,30174,post
12897,28613,30196,post
12914,28533,30131,post
12923,28543,30101,post
12934,28565,30018,post
12921,28603,30019,post
12901,28618,29992,post
12937,28543,30013,post
13186,28464,29983,post
13210,28461,29980,post
12791,28762,30167,post
12871,28713,30102,post
12783,28695,30652,post
12468,28902,30569,post
12554,28735,30560,post
12585,28740,30548,post
12534,28713,30560,post
12567,28912,30493,post
12544,28741,30472,post
12763,28723,30516,post
12763,28710,30487,post
13458,28805,28310,post
12389,29471,29162,post
12393,29580,29068,post
12416,29604,29000,post
12409,29450,29095,post
13469,28439,29239,post
15217,27691,34476,post
15149,27797,34404,post
12578,27982,40718,post
12708,27779,40756,post
12493,28964,40283,post
12191,26001,40040,post
12188,25998,40038,post
12214,25895,39993,post
12520,28531,40532,post
12604,27945,40643,post
12618,27925,40637,post
12134,29268,39932,post
11173,28701,37639,post
13335,26669,42620,post
13330,26668,42621,post
23205,29233,43591,post
22573,30222,40857,post
23322,29869,42618,post
21288,30031,40676,post
23013,30646,41878,post
23612,30505,41811,post
20982,30023,40189,post
20778,29806,40122,post
22794,30195,40374,post
20587,29230,39125,post
12408,29196,29648,post
13538,28556,33274,post
12453,28270,40606,post
11144,28694,37721,post
11143,28687,37720,post
20221,29652,40531,post
20221,29653,40531,post
20219,29650,40529,post
20194,29540,40514,post
18859,28023,39311,post
18113,27522,39246,post
17505,27356,39348,post
12465,29700,29698,post
12643,29162,29197,post
12493,28930,29243,post
12461,29641,29491,post
12462,29661,29489,post
12417,30230,28785,post
12483,30333,28459,post
12669,29093,28865,post
12654,29115,28785,post
13139,28581,28594,post
13145,28642,28549,post
12484,29424,29026,post
12635,29143,29143,post
12633,29130,29133,post
12673,29138,29221,post
12555,29043,29236,post
12372,30743,27068,post
12414,30219,28409,post
12170,28743,36827,post
12003,27846,30378,post
22720,30276,40579,post
22789,30293,40568,post
13253,26646,42709,post
12540,28988,40904,post
12565,28985,40781,post
22566,30647,41613,post
12589,28961,40657,post
12397,29084,40549,post
11973,29158,39370,post
11984,29189,39363,post
12139,26078,39912,post
12129,26084,39903,post
12094,26078,39887,post
12259,29643,40309,post
11960,28731,40069,post
12271,29619,40316,post
12266,29600,40303,post
12101,28685,39977,post
12322,29790,40287,post
12197,29309,38296,post
12175,29365,38297,post
12195,29337,38283,post
12269,29352,38251,post
12307,28645,36360,post
14322,27997,33855,post
14304,28010,33854,post
14975,27972,34344,post
14874,27944,34209,post
13187,28739,33252,post
13159,28755,33249,post
13224,28716,33253,post
12629,28987,31572,post
12616,28999,31516,post
12382,31035,26717,post
12223,30463,28369,post
14262,28597,27999,post
20135,29151,40349,post
20394,29492,40138,post
20392,29486,40149,post
20245,29400,40453,post
20122,29190,40270,post
18908,28013,39043,post
18954,27857,39093,post
19207,28331,38274,post
12041,29436,39182,post
12557,27532,40212,post
12584,27537,40196,post
12205,28876,37081,post
12185,28860,36991,post
12182,28836,36951,post
12207,28720,36889,post
12203,28714,36865,post
12215,28676,36850,post
12492,28165,35805,post
12489,28194,35868,post
13054,28612,28668,post
13064,28562,28701,post
13447,26475,43098,post
21231,30142,40368,post
21181,30145,40371,post
21049,30052,40256,post
21039,30089,40261,post
13079,27124,41713,post
12552,28247,40832,post
12518,28184,40724,post
12144,29242,40163,post
18191,27689,39672,post
12119,25828,39896,post
11308,28850,37481,post
12106,25841,39880,post
12385,28076,40582,post
12404,28050,40633,post
12365,28021,40521,post
12508,28194,40698,post
12158,29357,40320,post
12146,29339,40322,post
20505,28578,38657,post
20541,29205,39108,post
12300,28299,36532,post
12315,29081,37051,post
11582,28976,37317,post
14985,27981,34342,post
13926,28088,33459,post
13264,28704,33134,post
13275,28686,33122,post
13255,28707,33109,post
13444,28599,33252,post
13427,28607,33239,post
12422,29308,29835,post
12440,29360,29817,post
13072,29564,41316,post
13997,28439,28252,post
24413,30777,40955,post
24562,30755,40933,post
24569,30762,40917,post
24424,30772,40953,post
24624,30757,40929,post
24515,30830,40846,post
24499,30813,40862,post
24491,30809,40868,post
24396,30778,40965,post
24397,30766,41008,post
24410,30762,41012,post
12873,31653,26888,post
13435,26362,43006,post
22517,30741,41720,post
22544,30743,41770,post
22986,30492,42052,post
23312,30143,42414,post
22379,30653,41437,post
22347,30648,41418,post
20891,29907,40220,post
20815,29860,40204,post
23091,30377,42121,post
23099,30406,42085,post
23067,30409,42081,post
22591,30271,40692,post
21580,30337,40511,post
23683,30556,41718,post
23671,30558,41704,post
23635,30538,41796,post
20007,29332,39516,post
20675,29672,40157,post
22566,30292,40728,post
19916,29127,39585,post
21126,30137,40356,post
20976,30077,40258,post
20957,30069,40248,post
20873,29844,40378,post
20485,29562,39824,post
20839,29806,40314,post
20791,29778,40255,post
20022,28650,38770,post
20376,28555,38783,post
20345,28548,38781,post
20546,28611,38680,post
20060,28636,38708,post
24155,30610,41325,post
24157,30548,41343,post
24470,30705,40982,post
24427,30722,41070,post
24429,30727,41036,post
24402,30724,41054,post
24368,30748,41012,post
20361,29477,39846,post
20013,29455,39501,post
24159,30664,41306,post
24159,30603,41324,post
24155,30666,41287,post
24407,30699,41199,post
24429,30710,41148,post
24400,30706,41190,post
24408,30716,41162,post
24360,30726,41202,post
23441,30462,41827,post
22389,30618,41664,post
22358,30641,41645,post
21020,29779,39576,post
20559,29294,39235,post
20492,28635,38744,post
20526,28626,38720,post
20426,28569,38750,post
20466,28612,38749,post
20435,28575,38738,post
20526,28583,38665,post
12656,28963,41221,post
12645,28978,41081,post
12973,29015,41459,post
12105,28917,40239,post
12928,28893,41450,post
13020,28736,41389,post
12997,28760,41407,post
12931,28735,41372,post
20072,29232,39567,post
12334,29122,40527,post
20202,29320,39502,post
11674,29360,39513,post
12298,29136,40479,post
12361,29024,40459,post
20199,29306,39464,post
13096,28679,41491,post
19861,28909,39179,post
19770,28900,39179,post
19810,28907,39178,post
11902,29385,40011,post
11891,29420,40018,post
18276,27807,39726,post
12199,29250,40550,post
20078,29104,39239,post
18354,27851,39673,post
18849,28043,39366,post
18058,27656,39491,post
18779,28042,39406,post
18380,27842,39644,post
18341,27837,39661,post
18299,27821,39650,post
18262,27814,39678,post
18632,27953,39410,post
18682,27940,39375,post
18479,27832,39578,post
18329,27785,39603,post
18310,27778,39597,post
18259,27785,39604,post
12093,29143,40106,post
18131,27723,39562,post
18121,27704,39508,post
18105,27679,39488,post
18467,27807,39430,post
18523,27714,39437,post
18253,27741,39476,post
18286,27722,39457,post
12045,29023,40112,post
11285,28088,38021,post
12039,28978,40094,post
19801,28905,39108,post
18644,27916,39380,post
19973,28889,39106,post
19802,28900,39107,post
19815,28596,38964,post
19811,28585,38943,post
19658,28505,38958,post
19688,28520,38945,post
19642,28491,38972,post
19123,28290,38406,post
19851,28922,39154,post
19784,28921,39161,post
19084,28171,39035,post
19066,28172,39049,post
19037,28195,39000,post
19039,28168,39053,post
11839,29368,39930,post
11818,29294,39890,post
11846,29304,39875,post
11724,29552,39543,post
20105,29259,39657,post
20125,29274,39657,post
20384,29381,39265,post
20330,29400,39253,post
20340,29328,39287,post
20348,29368,39250,post
20084,29274,39293,post
20069,29229,39302,post
20364,29379,39237,post
19123,28301,38378,post
19871,28621,38808,post
20115,29271,39608,post
10839,28778,37970,post
10892,28654,37901,post
11199,28236,37965,post
11228,28496,37779,post
12670,28731,34708,post
12674,28742,34692,post
12769,28794,33973,post
12692,29205,33323,post
12770,28802,33810,post
13530,28533,33298,post
12831,28856,33263,post
12992,28857,33165,post
12800,28890,33155,post
12817,28867,33153,post
12962,28843,33150,post
12753,28688,32238,post
13191,28701,33072,post
12715,28712,32181,post
12705,28718,32145,post
14714,28262,34013,post
14706,28269,34000,post
14705,28253,34034,post
13966,28171,33487,post
12641,28934,31640,post
12603,28951,31737,post
13357,28581,33207,post
13339,28546,33182,post
12888,28659,32679,post
12575,28977,31780,post
12531,28962,31262,post
12529,28962,31253,post
12707,28753,31791,post
12534,29107,30045,post
12533,29109,30044,post
13353,28496,29478,post
12373,30062,28810,post
12255,30052,28844,post
12231,30201,28622,post
13938,28512,28284,post
13628,28516,28899,post
13668,28527,28871,post
13934,28483,28507,post
13952,28499,28476,post
12418,30598,27855,post
12394,30660,27758,post
12408,30634,27757,post
13596,28555,29056,post
13011,28653,29418,post
12546,31098,27429,post
12468,30984,27530,post
12312,30312,28422,post
14134,28545,28148,post
14139,28547,28130,post
14165,28532,27997,post
14168,28530,27965,post
19857,29292,39732,post
19859,29292,39707,post
15050,26707,39972,post
15044,26722,39988,post
19210,28480,39323,post
19193,28444,39320,post
19182,28423,39302,post
19238,28516,39289,post
19235,28492,39275,post
19275,28550,39240,post
19180,28308,38645,post
23274,30084,42361,post
13156,26699,42134,post
13184,26757,42117,post
13184,26573,42280,post
12138,29242,38655,post
12150,29241,38646,post
12090,29235,38612,post
11319,28845,37512,post
11339,28858,37481,post
12326,26363,39914,post
12319,29787,40277,post
12155,29511,38099,post
12040,29216,38868,post
12061,29223,38839,post
12068,29223,38806,post
12011,29198,38786,post
12065,29238,38662,post
12098,29533,38172,post
12014,29244,39115,post
12030,29276,39094,post
12044,29288,39075,post
12156,29568,37823,post
12182,29510,37798,post
12225,29474,37808,post
12300,28412,36473,post
12152,29218,38346,post
12166,29240,38346,post
12176,29281,38300,post
12181,29646,37659,post
12245,29285,38206,post
12230,29282,38198,post
12229,29362,37896,post
12499,29051,36988,post
12578,28788,35144,post
12611,28728,35112,post
12643,28732,35079,post
12826,27954,36133,post
12750,27964,36128,post
12231,29076,37162,post
12308,28589,36301,post
12310,28618,36254,post
12306,28567,36289,post
12349,28501,36280,post
12283,28604,36072,post
12346,28577,36090,post
12338,28581,36077,post
12283,28575,36106,post
12319,28564,35989,post
12390,28553,35914,post
12361,28606,35675,post
12635,28796,35061,post
14147,28149,33823,post
14458,27992,33988,post
14091,28140,33942,post
14140,28147,33840,post
12692,28887,33789,post
12699,28901,33762,post
12753,28797,33780,post
12734,28799,33729,post
12765,28818,33623,post
12695,28891,33599,post
12767,28818,33597,post
12775,28824,33565,post
14103,28237,34267,post
14742,28233,34214,post
14111,28188,34156,post
12723,28795,34037,post
12689,28833,33964,post
13944,28083,33490,post
12641,28914,32231,post
14121,28170,34006,post
13815,28208,33474,post
13840,28202,33481,post
12714,28982,32060,post
12661,28984,31591,post
12645,29001,31571,post
12697,28885,32422,post
12655,28902,32269,post
12656,28961,31078,post
12678,28961,30982,post
12654,28934,31992,post
12661,28932,31807,post
12662,28937,31773,post
12660,28921,31965,post
12663,28924,31853,post
12745,28938,32487,post
12547,29060,30453,post
12735,28946,32398,post
12612,28992,30912,post
12643,28953,30943,post
12588,28927,30285,post
12582,28916,30217,post
12461,29223,29729,post
12516,29126,30114,post
12512,29268,29398,post
12514,29252,29479,post
12559,28979,30670,post
12596,28935,30603,post
12590,28946,30662,post
12591,28934,30582,post
12988,28555,29593,post
13001,28529,29569,post
12402,29646,29152,post
12347,30682,27786,post
12372,30729,27708,post
12505,29515,29380,post
12459,29540,29362,post
12406,29672,29259,post
12294,30086,28280,post
12307,30772,27203,post
12048,25644,31308,post
11960,26003,30978,post
11947,26010,30935,post
11923,26092,30864,post
11868,27166,30519,post
11964,26515,30637,post
11938,26279,30718,post
11993,25900,31113,post
11821,27380,30458,post
11831,27378,30457,post
11207,28295,37837,post
12389,28408,40513,post
12350,28357,40456,post
12333,28401,40451,post
12341,28376,40449,post
12268,29349,40471,post
12268,29264,40454,post
12401,28438,40543,post
12220,29234,40418,post
12406,28384,40557,post
12387,28402,40516,post
12376,28339,40516,post
12170,29369,40335,post
12134,29289,40335,post
12117,29289,40327,post
11216,28384,37823,post
11207,28359,37844,post
11216,28328,37874,post
11222,28468,37810,post
12570,28920,31215,post
12537,28908,31299,post
12616,28826,31335,post
12588,28855,31319,post
12636,28863,31275,post
12688,28772,31286,post
12678,28772,31255,post
12671,28713,31244,post
14572,25500,40314,post
14645,25576,40244,post
14630,25556,40256,post
12606,28825,33875,post
12603,28930,31856,post
12016,25685,31263,post
12006,25694,31248,post
11816,26680,30648,post
11860,26361,30708,post
11846,27173,30391,post
11850,27149,30381,post
12013,25736,31230,post
11961,25802,31197,post
11965,25810,31195,post
11961,25833,31168,post
11980,25759,31205,post
11825,27487,30392,post
22200,30576,41454,post
22183,30573,41438,post
22175,30580,41406,post
22160,30581,41376,post
22180,30603,41386,post
22106,30552,41335,post
22076,30550,41297,post
22048,30562,41259,post
22067,30578,41254,post
22072,30407,41393,post
21289,29980,40645,post
22630,30421,40849,post
22617,30420,40847,post
22645,30378,40842,post
22121,30409,41516,post
21257,29941,40592,post
21225,29912,40563,post
21132,29862,40492,post
21095,29862,40483,post
19400,28333,39398,post
19463,28320,39258,post
19476,28320,39239,post
19364,28324,39287,post
20488,29159,40142,post
20413,29128,40098,post
20311,29070,40076,post
20367,29034,40069,post
20340,29071,40077,post
19978,29166,39077,post
20907,29642,40357,post
20815,29627,40323,post
20797,29563,40303,post
20794,29541,40293,post
20733,29509,40276,post
21004,29758,40405,post
20236,29380,39612,post
13438,26384,42990,post
13438,26354,42997,post
13454,26468,43125,post
13285,26769,42390,post
22944,28621,43825,post
22922,28609,43820,post
23329,29271,43528,post
23302,30142,42399,post
23385,29496,43375,post
24389,30709,41179,post
12682,28880,41061,post
12672,28887,41061,post
12598,28075,40794,post
12704,27735,40787,post
12415,28972,40418,post
12424,28959,40378,post
20220,29581,40503,post
20219,29582,40506,post
20218,29577,40503,post
12139,25662,39855,post
12079,25673,39838,post
18954,28159,39039,post
18935,28152,39049,post
18951,28153,39045,post
20110,29456,39934,post
11732,28917,37174,post
11909,28900,36914,post
19918,29205,39024,post
11956,28870,36893,post
11926,28892,36904,post
12231,29450,37714,post
11574,28948,37300,post
12129,28767,36671,post
12579,28650,35214,post
12577,28643,35208,post
12608,28650,35131,post
12581,28637,35172,post
12136,28762,36612,post
14120,28181,34371,post
14138,28199,34364,post
14007,28177,33583,post
14150,28147,33793,post
14173,28001,33668,post
14701,28133,34188,post
14703,28135,34190,post
14561,28071,34107,post
14501,28071,34077,post
12514,29178,30200,post
12523,29448,29664,post
12751,31587,27072,post
11806,29316,39502,post
11777,29328,39492,post
12093,29144,40003,post
12479,29080,37055,post
12430,28641,35525,post
15209,27688,34469,post
15272,27684,34576,post
14239,27990,33620,post
14243,27977,33605,post
11973,25985,30874,post
12044,25562,31329,post
11884,27142,30480,post
11871,26926,30541,post
11875,26866,30561,post
11954,26510,30636,post
11893,27189,30456,post
11851,27156,30382,post
11833,27517,30387,post
20157,29152,40280,post
20060,29087,40237,post
20040,29114,40216,post
12275,29480,40338,post
20120,29187,40240,post
20083,29194,40246,post
12354,25326,39617,post
11299,28073,38026,post
12502,29120,30381,post
12415,29142,30260,post
12461,28982,30511,post
11901,26276,30688,post
11933,26132,30736,post
22961,28641,43808,post
12401,31467,27419,post
20074,29075,40360,post
20076,29071,40351,post
17920,27891,39843,post
17914,27888,39844,post
17850,27870,39855,post
17873,27771,39814,post
17856,27822,39789,post
17918,27791,39801,post
17827,27807,39795,post
17852,27775,39797,post
17706,27789,39803,post
17664,27802,39808,post
17829,27753,39823,post
17689,27719,39843,post
17723,27742,39811,post
17663,27716,39838,post
17592,27700,39835,post
17478,27726,39825,post
17492,27752,39818,post
17544,27701,39809,post
17512,27704,39810,post
17951,27814,39782,post
17927,27823,39774,post
17595,27779,39790,post
17916,27857,39730,post
18153,27977,39823,post
18108,27964,39820,post
18116,27971,39857,post
18109,27965,39818,post
18259,28003,39719,post
18148,27945,39774,post
18317,27853,39350,post
18301,27828,39359,post
18539,27748,39301,post
18478,27756,39357,post
18508,27735,39325,post
18461,27735,39352,post
18558,27752,39261,post
20657,28555,38204,post
20667,28547,38171,post
20626,28526,38194,post
18975,27800,39038,post
18967,27764,39040,post
18987,27775,39005,post
19861,29318,39298,post
19784,29309,39324,post
12656,28602,34779,post
12609,28888,34095,post
12624,28891,33963,post
20119,29053,40289,post
20200,29128,40228,post
22520,30300,40769,post
11883,29226,39588,post
19987,28615,39848,post
20565,29651,40070,post
20578,29668,40060,post
11953,29167,39500,post
20283,29368,40044,post
19690,28522,38947,post
19093,28269,38779,post
19112,28245,38765,post
19367,28688,39226,post
19252,28511,39394,post
18140,27772,39747,post
19477,28364,39690,post
19824,29307,39796,post
12627,29100,28894,post
12562,29126,29291,post
14482,26434,40036,post
12494,29140,40667,post
14901,26651,39961,post
14190,26045,40134,post
14174,26022,40138,post
14215,26115,40134,post
14512,26317,40022,post
14484,26306,40024,post
14369,26248,40056,post
12339,29233,40610,post
18075,27732,39693,post
14611,25543,40144,post
18525,27835,39563,post
18550,27840,39549,post
18081,27618,39419,post
18032,27599,39416,post
17915,27480,39313,post
14876,26665,39931,post
14469,26446,39905,post
13151,26711,42130,post
13222,26256,42387,post
13220,26260,42385,post
12419,28202,40423,post
12364,28315,40217,post
12536,27746,40285,post
19778,29259,39432,post
18397,27899,39752,post
19325,28620,39316,post
18195,27795,39743,post
18161,27800,39732,post
18209,27811,39730,post
18184,27817,39727,post
19088,28345,39285,post
19105,28354,39262,post
19116,28364,39238,post
19057,28330,39239,post
19075,28349,39224,post
19285,28696,39154,post
12279,28446,40140,post
19121,28314,38525,post
19110,28310,38482,post
12311,26413,39901,post
12298,26391,39910,post
12543,27619,40186,post
12525,27616,40164,post
19986,29454,39529,post
12790,28711,34386,post
12803,28716,34304,post
14333,28030,33814,post
12796,28818,33701,post
15048,27944,34340,post
12806,28715,34278,post
12794,28704,34079,post
14071,28185,33607,post
12810,28660,34283,post
14144,28153,33762,post
14194,28153,33738,post
14127,28153,33676,post
14312,28019,33780,post
12777,28852,33398,post
12799,28706,34036,post
12484,29185,30200,post
12490,29174,30173,post
12465,29134,30031,post
12535,29124,30017,post
12536,29120,30017,post
14005,28524,28307,post
23380,29829,42699,post
22877,30361,40542,post
23758,30594,41671,post
22639,30348,40845,post
22646,30373,40836,post
13509,18760,40763,post
20246,29400,40458,post
20144,29112,40272,post
20122,29077,40286,post
20175,29098,40243,post
20031,28821,39926,post
20072,28781,39905,post
19945,28777,39901,post
19944,28751,39882,post
20035,28725,39870,post
19973,28695,39866,post
20066,29230,39446,post
20430,29330,40183,post
20391,29397,40176,post
20359,29379,40138,post
20340,29369,40146,post
20404,29350,40155,post
20364,29365,40158,post
20346,29352,40146,post
20441,29303,40160,post
20401,29291,40169,post
20390,29303,40167,post
20395,29253,40143,post
20345,29296,40151,post
20325,29248,40132,post
20331,29236,40131,post
20292,29219,40111,post
20313,29326,40107,post
20312,29373,40075,post
20215,29209,40092,post
19400,28709,39203,post
20175,29196,40057,post
17329,27398,39460,post
20176,28449,39513,post
20160,28438,39487,post
18879,28087,39558,post
18827,28058,39540,post
18699,27984,39537,post
18678,27967,39518,post
19085,28248,39385,post
19053,28231,39397,post
19019,28203,39425,post
19041,28232,39361,post
19006,28216,39348,post
19160,28240,39566,post
19323,28314,39244,post
19273,28307,39253,post
19294,28318,39269,post
19027,28173,39572,post
20126,28395,39489,post
19138,28270,39247,post
19455,28359,39495,post
19022,28198,39229,post
18985,28185,39229,post
19136,28249,39527,post
19217,28344,39213,post
19209,28339,39192,post
19174,28313,39178,post
19165,28328,39225,post
19085,28222,39527,post
20129,28399,39491,post
19133,28284,39195,post
19460,28332,39438,post
18896,28094,39362,post
18942,28056,39400,post
18352,27914,39392,post
18908,28141,39238,post
18023,27830,39539,post
17908,27774,39522,post
18877,28122,39222,post
18108,27850,39497,post
18080,27830,39492,post
17739,27543,39400,post
17677,27511,39379,post
18165,27635,39353,post
18109,27620,39351,post
18060,27590,39332,post
16704,27254,39577,post
17783,27529,39374,post
17853,27476,39328,post
17748,27491,39338,post
17693,27492,39337,post
16842,27294,39537,post
16864,27306,39524,post
16744,27285,39556,post
16800,27155,39505,post
16805,27172,39526,post
18238,27576,39268,post
17435,27367,39444,post
17371,27372,39435,post
17314,27343,39481,post
17292,27378,39460,post
17270,27354,39432,post
18021,27560,39303,post
17123,27268,39470,post
17138,27278,39467,post
17069,27273,39485,post
18331,27902,39365,post
18230,27793,39380,post
17939,27748,39418,post
17962,27720,39413,post
20193,28763,39032,post
20150,28787,39051,post
20115,28807,39041,post
18102,27687,39385,post
18071,27650,39381,post
17925,27704,39421,post
20162,28754,39022,post
20114,28801,39024,post
20187,28736,39012,post
20357,28672,38918,post
19355,28624,39131,post
19154,28316,38619,post
19186,28332,38622,post
19300,28512,39178,post
19317,28506,39156,post
19949,28470,38949,post
19837,28600,38937,post
19851,28541,38930,post
19962,28471,38931,post
20147,28464,38947,post
19933,29133,39055,post
19914,29169,39040,post
19889,29139,39025,post
15934,26980,39697,post
15912,26964,39699,post
16280,27092,39652,post
16301,27100,39645,post
15972,26909,39701,post
16275,27047,39650,post
16012,27029,39664,post
16017,26917,39680,post
16221,27085,39585,post
16217,27085,39567,post
16139,27072,39597,post
16201,27078,39578,post
16470,27041,39572,post
16370,27030,39582,post
16281,27017,39588,post
16215,27080,39580,post
16202,27078,39578,post
19285,28365,39173,post
16627,27122,39562,post
16610,27107,39554,post
16552,27068,39541,post
20688,29562,40303,post
20713,29503,40274,post
20679,29495,40259,post
19127,28272,39031,post
15721,26727,39759,post
15673,26747,39769,post
19129,28245,39084,post
15890,26845,39701,post
20124,28891,39973,post
20091,28878,39972,post
20206,28839,39944,post
20113,28855,39949,post
19067,28233,38983,post
19081,28171,39042,post
19082,28208,38985,post
19079,28180,39026,post
20065,28559,38630,post
20055,28573,38635,post
17430,27373,39373,post
17270,27352,39428,post
17274,27345,39406,post
17325,27356,39386,post
20092,29417,39912,post
20083,29411,39902,post
20065,29185,39908,post
20073,29431,39856,post
20181,29344,39831,post
20433,29441,39283,post
20177,29314,39645,post
20313,29343,39371,post
20279,29319,39380,post
19815,29286,39377,post
20026,29194,39420,post
20450,29355,39311,post
20409,29357,39362,post
20312,29332,39348,post
20138,29325,39304,post
20116,29323,39292,post
19846,29312,39308,post
19871,29319,39310,post
19800,29285,39350,post
19834,29306,39321,post
19768,29254,39371,post
20340,28719,38910,post
20360,28704,38888,post
20391,28689,38846,post
20380,28662,38885,post
19931,28503,38909,post
20381,28659,38885,post
20134,28518,38914,post
19952,28498,38896,post
20414,28659,38841,post
19995,28628,38798,post
20357,28573,38789,post
20316,28578,38789,post
19983,28579,38805,post
20334,28580,38765,post
20319,28581,38755,post
20033,28565,38693,post
20048,28585,38659,post
19112,28290,38780,post
19108,28282,38856,post
19120,28295,38667,post
19125,28295,38709,post
19157,28270,38722,post
22873,28632,43888,post
12619,29027,41063,post
12889,29099,41368,post
12880,29063,41372,post
12453,27875,40767,post
12791,28903,41347,post
12686,27630,41075,post
12682,27596,41085,post
11376,28877,37613,post
12336,27984,40488,post
12122,29474,38281,post
11738,29099,37076,post
24473,30725,40941,post
24474,30720,40962,post
12015,25685,31227,post
23991,30553,41431,post
23858,30526,41463,post
22808,30311,40552,post
23897,30535,41478,post
22283,30496,40893,post
19323,28686,39186,post
20553,28568,38625,post
20570,28526,38455,post
12019,28785,36926,post
12733,28650,34661,post
12137,28752,36616,post
12669,28786,34329,post
14160,28180,34348,post
12744,28717,34286,post
12633,28887,33930,post
13580,28334,33400,post
12307,29450,29226,post
18324,28134,39726,post
14301,26531,40053,post
14695,25607,40128,post
14633,25391,40184,post
14598,25498,40241,post
14610,25466,40222,post
14626,25418,40195,post
11881,29371,39291,post
12645,28038,40923,post
12565,28238,40841,post
12348,29025,40625,post
22438,30315,40727,post
12028,29277,40138,post
19477,28785,39303,post
19426,28725,39328,post
19400,28694,39300,post
19484,28799,39288,post
19436,28750,39280,post
11953,29281,40015,post
18359,27818,39735,post
18095,27780,39731,post
18193,27763,39714,post
18212,27771,39686,post
18011,27714,39722,post
17977,27711,39710,post
18742,28030,39672,post
18755,28024,39658,post
18800,28032,39645,post
20018,29057,39247,post
20068,29063,39222,post
20062,29025,39193,post
19994,28987,39197,post
18149,27742,39689,post
17842,27493,39374,post
17770,27489,39381,post
17738,27466,39374,post
17794,27450,39363,post
20609,28536,38259,post
20617,28534,38236,post
20620,28499,38218,post
19888,28494,39022,post
19905,28479,38991,post
19857,28495,38936,post
19831,28498,38918,post
19757,28538,38932,post
19845,28483,38959,post
19809,28484,38947,post
12260,29462,40382,post
12259,29589,40310,post
12060,29255,40205,post
12048,29464,38275,post
20560,29253,39183,post
20579,29231,39139,post
20535,29206,39096,post
12169,29319,37990,post
12069,29421,38289,post
10812,28800,38036,post
12840,28562,33885,post
12841,28578,33847,post
12724,28642,34554,post
12871,28690,33026,post
12871,28554,33711,post
12870,28546,33671,post
12780,28876,32135,post
13833,28115,33365,post
13891,28076,33388,post
13799,28104,33321,post
12886,28730,32620,post
12881,28737,32590,post
12736,29008,31641,post
12707,28997,31567,post
12733,28975,31571,post
12908,28680,32513,post
12819,28866,32384,post
12782,28949,31831,post
12736,28966,31767,post
12789,28894,31983,post
12879,28662,29943,post
12828,28563,29886,post
13708,28363,29221,post
12767,28465,29891,post
12872,28653,29972,post
12785,28661,29968,post
12502,28821,29994,post
12495,28801,30009,post
12465,28964,30519,post
12473,28968,30499,post
13008,27967,29615,post
12408,29292,28904,post
12414,30583,27869,post
13029,28924,28771,post
12352,30338,28120,post
12326,30303,28304,post
14764,25742,40132,post
12451,27363,39881,post
12408,27148,39890,post
12491,27183,39817,post
11763,28863,37294,post
11986,28704,37121,post
12012,28687,37122,post
12246,28465,37015,post
12236,28489,37020,post
12373,29085,36971,post
11263,28606,37819,post
11225,28563,37850,post
12240,28256,36679,post
12347,29791,40282,post
14224,26514,40075,post
14325,26390,40068,post
14602,26528,40007,post
14514,26526,40009,post
14228,26539,40085,post
14279,26538,40026,post
14319,26363,40015,post
14647,25591,40161,post
14628,25545,40159,post
14595,25533,40163,post
14627,25538,40244,post
14594,25527,40242,post
12223,30457,28687,post
13283,26182,43362,post
11956,28772,37070,post
11934,28799,37027,post
11947,28803,37001,post
11384,29066,37419,post
11403,29085,37413,post
12312,25330,39697,post
23340,30097,42478,post
23290,30157,42350,post
22681,30284,40645,post
22669,30255,40621,post
22615,30306,40811,post
20175,29520,40524,post
20212,29546,40501,post
20086,29450,39854,post
19831,29304,39346,post
23361,30098,42489,post
23332,29958,42621,post
23337,29955,42593,post
23307,29963,42587,post
23335,29964,42554,post
23326,29998,42509,post
22603,30261,40670,post
22543,30261,40670,post
22559,30252,40643,post
22355,30620,41622,post
22283,30575,41633,post
22284,30623,41506,post
22350,30395,40828,post
22401,30358,40787,post
22449,30310,40755,post
22240,30613,41210,post
22149,30609,41130,post
13043,29086,41509,post
12533,28305,40963,post
12514,27859,40373,post
12529,27775,40310,post
11709,29305,39492,post
20357,29454,40061,post
12369,28147,40272,post
20115,29444,39983,post
11897,29133,39814,post
11940,29101,39749,post
20330,29410,40039,post
12102,29240,40690,post
19283,28178,39680,post
11949,29050,39209,post
19231,28164,39679,post
18940,28054,39396,post
18931,27977,39414,post
18881,28069,39312,post
18861,28047,39327,post
18965,28106,39281,post
18960,28106,39280,post
18940,28077,39229,post
18882,28010,39277,post
18915,28010,39221,post
18361,27717,39449,post
18115,27607,39372,post
18159,27613,39360,post
18239,27603,39334,post
18088,27584,39344,post
18006,27535,39319,post
17959,27515,39321,post
17981,27525,39318,post
17942,27498,39321,post
17698,27442,39347,post
17608,27430,39338,post
17652,27430,39306,post
17668,27426,39288,post
11429,28884,37567,post
18539,27682,39417,post
18460,27699,39385,post
18472,27688,39370,post
18409,27718,39407,post
18391,27711,39382,post
18346,27707,39373,post
11510,28878,37492,post
18347,27690,39307,post
19086,28268,38642,post
19179,28346,38583,post
19123,28266,38505,post
12173,25826,39875,post
19942,29179,39040,post
19910,29135,39025,post
19902,29092,39016,post
12698,27823,40648,post
12313,29562,40385,post
19006,28157,39099,post
18984,28155,39155,post
18911,28138,39084,post
18949,28110,39105,post
20570,29652,39916,post
20453,29524,39857,post
20088,29438,39913,post
19827,29307,39787,post
19758,29231,39418,post
19756,29256,39382,post
20007,29197,39072,post
19141,28314,38374,post
19115,28328,38357,post
19111,28315,38395,post
19170,28252,38747,post
19132,28199,38770,post
10842,28758,37950,post
11264,28860,37693,post
11295,28765,37652,post
12520,28203,35093,post
12583,28301,34773,post
12640,28354,34608,post
12696,28591,34030,post
14329,27904,33875,post
14518,27965,34036,post
14444,27990,33913,post
12763,28645,32786,post
11405,28801,37607,post
12673,28508,34190,post
14178,27986,33610,post
14143,28003,33602,post
12778,28561,33629,post
14859,28081,34158,post
12592,28738,34008,post
14842,27987,34169,post
14708,28084,34104,post
14695,28086,34071,post
13851,28073,33490,post
13873,28075,33466,post
12401,30746,27935,post
12335,30699,28193,post
12452,31068,27488,post
12485,30956,27264,post
13012,29499,41353,post
13014,29501,41348,post
12120,29534,38049,post
12484,29371,28859,post
11557,28735,37398,post
19785,29304,39352,post
19823,29293,39376,post
19764,29284,39378,post
20793,29712,40372,post
12839,28702,31044,post
12853,28713,31013,post
13577,28571,29075,post
13625,28527,29090,post
12509,31476,27108,post
12509,31478,27103,post
14476,28678,27577,post
14598,30012,25814,post
12872,31744,26872,post
12673,31750,26969,post
20214,29245,40443,post
22106,30586,41091,post
13186,26615,42560,post
13314,26484,42945,post
13277,26605,42809,post
13182,26736,42184,post
13209,26670,42436,post
13200,26615,42486,post
12710,27742,40776,post
12150,28697,40224,post
12238,28624,40252,post
12238,28624,40249,post
12218,28647,40225,post
12158,28574,40200,post
12512,29057,40831,post
11945,29227,39740,post
12583,29031,40781,post
12511,29113,40689,post
12799,29222,40907,post
12785,29236,40893,post
11319,28721,37594,post
11275,28740,37620,post
11282,28813,37538,post
12322,28434,40164,post
11335,28732,37554,post
12538,28014,40658,post
12539,28011,40657,post
11305,27774,38314,post
12484,28076,40624,post
11269,27813,38252,post
12454,29982,40343,post
12473,28069,40492,post
12316,28698,40184,post
12085,28677,40189,post
12035,28736,40106,post
12112,28696,39991,post
12036,29408,39168,post
12027,29379,39155,post
12018,29258,39195,post
12006,29336,39150,post
11958,29262,39552,post
12255,28454,37009,post
12527,29048,36943,post
14147,28180,34356,post
12652,28792,33611,post
12629,28800,34090,post
12628,28787,34064,post
12613,28760,34090,post
14097,28233,34257,post
12773,28582,33467,post
13650,28226,33295,post
13618,28204,33317,post
12552,28939,31331,post
12586,28940,31269,post
12383,30650,27229,post
12413,30706,27124,post
12499,31511,27365,post
12499,31510,27364,post
12872,31654,26889,post
12830,31701,26972,post
20602,29617,40123,post
20604,29636,40110,post
20149,28852,39053,post
20120,28820,39024,post
18546,27736,39273,post
18568,27721,39294,post
18566,27757,39228,post
18612,27743,39188,post
19073,28220,38927,post
21009,29808,39596,post
18965,27934,39123,post
18974,27949,39128,post
18909,28042,39069,post
18900,28018,39053,post
20441,29444,39278,post
19082,28238,38888,post
19200,28196,38748,post
23082,28983,43680,post
23103,28992,43665,post
23762,30609,41674,post
23215,29059,43613,post
24158,30692,41291,post
22462,30292,40678,post
22670,30260,40553,post
13613,28640,29028,post
13586,28750,28147,post
13587,28779,28131,post
13850,28858,27609,post
13874,28885,27579,post
12251,30165,29056,post
11252,27829,38192,post
11181,27995,38121,post
11277,28014,38073,post
12258,29472,37430,post
12224,29408,37475,post
23826,30563,41476,post
22274,30618,41252,post
23785,30601,41502,post
23796,30565,41526,post
24393,30771,40955,post
24516,30835,40841,post
12232,29330,29553,post
21800,30468,40913,post
20228,28848,39051,post
20213,28827,39034,post
20613,29240,39152,post
20637,29220,39106,post
20302,28570,38776,post
12641,29099,28577,post
12542,27972,40464,post
12295,30694,28298,post
24193,30703,41194,post
24170,30759,41260,post
24204,30727,41171,post
12497,29099,40715,post
12348,29010,40632,post
14759,25651,40190,post
20630,28532,38374,post
20641,28458,38216,post
20658,28497,38144,post
12470,28103,35629,post
12596,28607,34446,post
12496,28455,35027,post
12612,28542,34452,post
11999,25842,31181,post
12497,28950,29257,post
23095,28971,43704,post
23130,28928,43676,post
23357,29366,43433,post
23069,28913,43709,post
23039,28826,43732,post
23075,28802,43730,post
23099,28857,43709,post
23052,28790,43748,post
23126,28896,43685,post
23116,28860,43702,post
23350,29549,43256,post
23349,29556,43243,post
23381,29504,43229,post
23384,29558,43231,post
23386,29586,43189,post
23393,29617,43145,post
23377,29552,43197,post
22321,30621,41337,post
21544,30292,40624,post
21528,30288,40593,post
21519,30280,40595,post
21494,30267,40576,post
21433,30233,40522,post
21441,30249,40488,post
21346,29993,40684,post
21432,30218,40579,post
21407,30211,40549,post
20290,29385,39712,post
21300,30126,40523,post
21315,30157,40496,post
22643,30620,41853,post
21299,30142,40493,post
19898,28885,39826,post
19878,28857,39828,post
19984,28744,39872,post
19950,28766,39867,post
19909,28753,39845,post
19888,28790,39838,post
19961,28721,39860,post
19906,28702,39840,post
19789,28873,39750,post
19781,28906,39715,post
19723,28787,39733,post
21588,30278,40752,post
19913,29091,39660,post
19861,29027,39678,post
19817,28993,39657,post
19799,28933,39714,post
20081,29047,39935,post
19768,28918,39683,post
19749,28912,39666,post
21515,30068,40820,post
19983,29004,39863,post
20015,29027,39878,post
19727,28923,39622,post
19909,28947,39821,post
19836,28936,39765,post
19859,28969,39761,post
19875,28982,39767,post
19917,29077,39694,post
19895,29055,39695,post
20399,29230,40097,post
19407,28702,39207,post
19392,28617,39411,post
20246,29260,39955,post
20224,29204,39973,post
19264,28503,39247,post
19253,28454,39246,post
19245,28437,39270,post
19402,28693,39191,post
19455,28642,39488,post
19293,28490,39185,post
19296,28492,39186,post
19444,28546,39525,post
19314,28457,39174,post
19472,28670,39486,post
19394,28567,39478,post
19413,28607,39456,post
19375,28586,39433,post
20198,28468,39460,post
19607,28309,39427,post
20020,28408,39545,post
19360,28346,39312,post
19447,28340,39248,post
19248,28386,39249,post
19479,28326,39269,post
19483,28324,39262,post
19978,28394,39539,post
19952,28388,39522,post
19941,28380,39543,post
19907,28370,39531,post
19578,28361,39512,post
20734,29734,40076,post
19475,28339,39228,post
19500,28341,39215,post
19644,28322,39470,post
19626,28309,39437,post
20744,29754,40055,post
20713,29724,40041,post
22106,30547,41162,post
20416,29150,40097,post
20385,29129,40083,post
22077,30536,41145,post
22098,30546,41103,post
22019,30512,41093,post
22010,30511,41083,post
21969,30479,41117,post
21998,30491,41137,post
21999,30505,41031,post
20229,29179,39984,post
20174,28920,39104,post
20204,28916,39096,post
20183,28884,39084,post
19786,28760,39011,post
19356,28616,39131,post
19801,28553,38988,post
19811,28506,39013,post
19777,28477,39000,post
21292,30160,40410,post
21262,30138,40397,post
20515,29581,39922,post
20470,29542,39889,post
20411,29464,39906,post
20431,29492,39884,post
20471,29543,39842,post
20395,29455,39868,post
20283,29348,39876,post
20317,29384,39880,post
20265,29284,39941,post
20229,29278,39893,post
20226,29243,39939,post
20300,29385,39817,post
20261,29343,39837,post
20532,29348,39289,post
20542,29256,39238,post
12440,28163,40465,pre
12275,28387,40349,pre
19368,28240,39669,pre
20546,29720,39544,pre
13547,28343,33389,pre
12496,29435,29737,pre
13131,31719,26559,pre
13165,31707,26523,pre
13159,31656,26495,pre
12726,28832,31839,pre
12512,31697,27343,pre
12474,31662,27380,pre
12508,31687,27318,pre
12788,31642,27214,pre
12754,31612,27231,pre
12852,31616,27156,pre
12439,31021,27704,pre
12435,30794,27398,pre
12452,30752,27370,pre
12198,30144,28976,pre
12435,30794,27398,pre
12452,30752,27370,pre
23314,29885,42680,pre
13867,29143,27324,pre
13882,29158,27220,pre
12439,31021,27704,pre
12307,31279,27615,pre
12425,31269,27478,pre
12811,28613,30512,pre
12431,29142,30282,pre
12536,29067,30868,pre
12534,29076,30831,pre
15939,27035,39643,pre
15490,26433,39825,pre
14064,27260,38540,pre
12993,28414,29730,pre
12691,28882,32351,pre
20423,29415,39274,pre
12447,28112,40667,pre
12597,27935,40651,pre
12275,28387,40349,pre
12597,27935,40651,pre
12811,28613,30512,pre
21795,30306,41123,pre
21682,30222,40988,pre
20846,29731,39564,pre
12832,28853,31705,pre
12435,30794,27398,pre
12452,30752,27370,pre
17323,27392,39662,pre
20423,29415,39274,pre
12351,30898,27973,pre
12333,30764,28021,pre
12279,30663,28047,pre
12225,30133,29055,pre
23233,30174,42277,pre
23212,30197,42253,pre
12630,28490,29945,pre
12689,28497,29839,pre
12767,28683,29971,pre
20546,29720,39544,pre
18265,28008,39683,pre
12307,31279,27615,pre
12888,28541,29904,pre
12630,28490,29945,pre
12689,28497,29839,pre
12440,28163,40465,pre
14300,25529,40513,pre
12275,28387,40349,pre
11978,29212,39959,pre
12397,28601,35586,pre
12328,30752,27189,pre
13882,29158,27220,pre
12435,30794,27398,pre
12452,30752,27370,pre
12425,29190,30300,pre
17905,27901,39859,pre
18013,27927,39835,pre
18032,27941,39849,pre
18022,27914,39791,pre
20423,29415,39274,pre
12150,30183,28888,pre
12218,30156,29000,pre
12333,30764,28021,pre
12364,30921,27928,pre
12279,30663,28047,pre
12464,31659,27415,pre
12512,31697,27343,pre
12474,31662,27380,pre
12508,31687,27318,pre
13547,28343,33389,pre
12275,28387,40349,pre
21309,30168,40585,pre
22507,30245,40582,pre
12522,29111,30725,pre
12852,31616,27156,pre
12909,31581,26980,pre
12630,28490,29945,pre
20546,29720,39544,pre
12534,29076,30831,pre
12522,29111,30725,pre
18775,28157,39333,pre
12069,28813,36811,pre
12197,30590,28389,pre
20423,29483,40089,pre
12496,29435,29737,pre
12630,28490,29945,pre
12689,28497,29839,pre
12767,28683,29971,pre
12275,28387,40349,pre
20601,29625,40020,pre
20200,29171,40100,pre
13159,31656,26495,pre
12351,30898,27973,pre
12333,30764,28021,pre
12364,30921,27928,pre
12464,31659,27415,pre
13131,31719,26559,pre
13165,31707,26523,pre
13159,31656,26495,pre
12809,31775,27072,pre
23212,30197,42253,pre
23109,30290,42166,pre
23233,30216,42243,pre
20435,28616,38805,pre
20435,28616,38805,pre
13358,26521,42880,pre
23210,30549,41864,pre
21761,30437,40900,pre
23609,30523,41766,pre
20601,29625,40020,pre
19549,28174,39539,pre
19572,28183,39528,pre
11978,29212,39959,pre
13281,26595,42774,pre
12447,28112,40667,pre
21700,30335,40962,pre
19986,29273,39533,pre
19937,28992,39223,pre
18093,27954,39816,pre
19436,28276,39574,pre
20200,29171,40100,pre
20202,29019,40024,pre
19073,28236,39121,pre
12690,28818,31306,pre
12811,28613,30512,pre
22093,30548,41317,pre
19467,28326,39231,pre
13358,26521,42880,pre
12534,29076,30831,pre
12224,29417,29587,pre
12788,31642,27214,pre
12754,31612,27231,pre
12852,31616,27156,pre
24405,30744,41065,pre
24405,30744,41065,pre
20117,29284,39785,pre
12425,29190,30300,pre
12522,29111,30725,pre
12442,29270,29939,pre
12522,29114,30690,pre
23314,29885,42680,pre
23334,29905,42585,pre
23609,30523,41766,pre
12888,28541,29904,pre
19277,28534,39415,pre
19486,28380,39658,pre
12150,30183,28888,pre
12198,30144,28976,pre
12364,30921,27928,pre
13165,31707,26523,pre
13159,31656,26495,pre
23735,30593,41650,pre
23305,30119,42412,pre
23609,30523,41766,pre
19986,29273,39533,pre
21071,30042,40329,pre
12069,28813,36811,pre
12852,31616,27156,pre
12597,27935,40651,pre
21071,30042,40329,pre
20106,29103,40284,pre
17905,27901,39859,pre
17575,27691,39860,pre
18093,27954,39816,pre
18013,27927,39835,pre
18032,27941,39849,pre
18310,28168,39656,pre
18022,27914,39791,pre
18265,28008,39683,pre
12351,30898,27973,pre
12364,30921,27928,pre
12852,31616,27156,pre
20185,29120,40242,pre
20423,29483,40089,pre
19937,28374,39604,pre
19924,28344,39522,pre
19891,28332,39514,pre
20200,29171,40100,pre
12522,29111,30725,pre
12496,29435,29737,pre
12522,29114,30690,pre
12208,30412,28624,pre
23305,30119,42412,pre
18153,27728,39557,pre
12225,30133,29055,pre
23280,30114,42353,pre
13281,26595,42774,pre
23334,29905,42585,pre
12012,29212,38855,pre
12217,29428,37885,pre
12691,28882,32351,pre
12522,29111,30725,pre
12452,30752,27370,pre
12328,30752,27189,pre
12909,31581,26980,pre
12431,29142,30282,pre
12440,28163,40465,pre
20106,29103,40284,pre
20185,29120,40242,pre
20124,29105,40252,pre
20327,29217,40118,pre
18816,28071,39517,pre
18979,28195,39396,pre
19572,28183,39528,pre
20200,29171,40100,pre
17057,27201,39482,pre
15939,27035,39643,pre
16225,27091,39576,pre
19073,28236,39121,pre
16572,27071,39545,pre
20423,29415,39274,pre
20435,28616,38805,pre
18775,28157,39333,pre
20604,29717,39561,pre
20546,29720,39544,pre
12224,29417,29587,pre
12069,28813,36811,pre
13547,28343,33389,pre
12431,29142,30282,pre
12536,29067,30868,pre
12534,29076,30831,pre
12522,29111,30725,pre
12630,28490,29945,pre
12224,29417,29587,pre
12424,30898,27738,pre
12333,30764,28021,pre
22273,30497,40824,pre
12888,28541,29904,pre
23305,30119,42412,pre
18310,28168,39656,pre
12653,28525,34314,pre
12597,27935,40651,pre
13281,26595,42774,pre
12440,28163,40465,pre
12464,31659,27415,pre
12512,31697,27343,pre
12474,31662,27380,pre
12476,31666,27341,pre
12508,31687,27318,pre
12838,31706,27040,pre
18310,28168,39656,pre
23335,30089,42487,pre
23334,29905,42585,pre
22281,30582,41589,pre
22325,30643,41522,pre
23335,30089,42487,pre
23735,30593,41650,pre
22507,30245,40582,pre
22273,30497,40824,pre
23210,30549,41864,pre
22754,30623,41782,pre
12754,31612,27231,pre
12201,28987,37022,pre
20423,29415,39274,pre
22907,30493,41942,pre
22946,30528,41891,pre
23109,30290,42166,pre
23160,30283,42157,pre
13131,31719,26559,pre
21723,30410,40722,pre
21685,30386,40711,pre
21725,30425,40687,pre
12888,28541,29904,pre
12224,29417,29587,pre
12536,29067,30868,pre
12534,29076,30831,pre
12197,30590,28389,pre
12159,30529,28377,pre
23054,30488,41941,pre
22946,30528,41891,pre
23035,30514,41913,pre
22178,30562,41306,pre
21795,30306,41123,pre
21682,30222,40988,pre
21685,30386,40711,pre
21725,30425,40687,pre
21656,30376,40661,pre
21303,30049,40614,pre
22281,30582,41589,pre
21876,30477,40835,pre
21790,30465,40792,pre
21759,30384,40946,pre
21684,30304,40909,pre
21831,30457,40891,pre
21738,30411,40810,pre
21685,30346,40826,pre
21729,30420,40755,pre
21723,30410,40722,pre
19908,29083,39676,pre
20601,29625,40020,pre
19915,28358,39604,pre
19937,28374,39604,pre
19924,28344,39522,pre
19467,28326,39231,pre
20984,29866,40360,pre
20729,29698,39667,pre
